[
  {
    "id": 25,
    "user_id": 33,
    "name": "TV Zimbo",
    "sector": "Mídia e Comunicação",
    "logo_url": "https://1.bp.blogspot.com/-K9JZTryMOXg/W-PGuOHkOWI/AAAAAAAAOBQ/ir7JLlcdbns_8Iiq_ndde5R10XsXs5O3gCLcBGAs/s1600/tvzimbo%2Bby%2Bchelynews.jpg",
    "phone": "+244 222 123 456",
    "location": "Luanda",
    "employee_count": 250,
    "created_at": "2025-07-20 20:55:46.342415",
    "updated_at": "2025-07-20 20:55:46.342415"
  },
  {
    "id": 26,
    "user_id": 35,
    "name": "Catoca",
    "sector": "Mineração",
    "logo_url": "https://lidermagazine.ao/wp-content/uploads/2024/03/348221613_785352553242094_3211611353137058124_n.jpg",
    "phone": "+244 234 567 890",
    "location": "Saurimo",
    "employee_count": 1200,
    "created_at": "2025-07-20 20:56:59.579811",
    "updated_at": "2025-07-20 20:56:59.579811"
  },
  {
    "id": 27,
    "user_id": 36,
    "name": "Macon",
    "sector": "Construção Civil",
    "logo_url": "https://vendawebmaconhomolog.rjconsultores.com.br/VendaWebMaconHomol/assets/images/logo-transparente.png",
    "phone": "+244 222 345 678",
    "location": "Luanda",
    "employee_count": 800,
    "created_at": "2025-07-20 20:57:00.309373",
    "updated_at": "2025-07-20 20:57:00.309373"
  },
  {
    "id": 28,
    "user_id": 37,
    "name": "Africell Angola",
    "sector": "Telecomunicações",
    "logo_url": "https://www.menosfios.com/wp-content/uploads/2020/09/Africell-Angola-Menos-Fios-768x524.jpg",
    "phone": "+244 923 456 789",
    "location": "Luanda",
    "employee_count": 500,
    "created_at": "2025-07-20 20:57:01.034158",
    "updated_at": "2025-07-20 20:57:01.034158"
  },
  {
    "id": 29,
    "user_id": 38,
    "name": "INAPEN",
    "sector": "Governo e Administração Pública",
    "logo_url": "https://seeklogo.com/images/I/inapem-logo-61BFE035F0-seeklogo.com.png",
    "phone": "+244 222 456 789",
    "location": "Luanda",
    "employee_count": 300,
    "created_at": "2025-07-20 20:57:01.760834",
    "updated_at": "2025-07-20 20:57:01.760834"
  },
  {
    "id": 30,
    "user_id": 39,
    "name": "ENSA",
    "sector": "Energia",
    "logo_url": "https://atrium-shopping.com/wp-content/uploads/2019/09/ensa.png",
    "phone": "+244 222 567 890",
    "location": "Luanda",
    "employee_count": 2500,
    "created_at": "2025-07-20 20:57:02.483151",
    "updated_at": "2025-07-20 20:57:02.483151"
  },
  {
    "id": 31,
    "user_id": 40,
    "name": "Global Seguros",
    "sector": "Seguros",
    "logo_url": "https://atrium-shopping.com/wp-content/uploads/2019/09/global_seguros.png",
    "phone": "+244 222 678 901",
    "location": "Luanda",
    "employee_count": 150,
    "created_at": "2025-07-20 20:57:03.20316",
    "updated_at": "2025-07-20 20:57:03.20316"
  },
  {
    "id": 32,
    "user_id": 41,
    "name": "Banco BIC",
    "sector": "Serviços Financeiros",
    "logo_url": "https://www.impala.pt/wp-content/uploads/2017/06/16788491.JPG",
    "phone": "+244 222 789 012",
    "location": "Luanda",
    "employee_count": 1000,
    "created_at": "2025-07-20 20:57:03.925115",
    "updated_at": "2025-07-20 20:57:03.925115"
  },
  {
    "id": 33,
    "user_id": 42,
    "name": "Rádio Nacional de Angola",
    "sector": "Mídia e Comunicação",
    "logo_url": "https://www.radioportal.ecatolico.com/images/stations/rma.webp",
    "phone": "+244 222 890 123",
    "location": "Luanda",
    "employee_count": 400,
    "created_at": "2025-07-20 20:57:04.645033",
    "updated_at": "2025-07-20 20:57:04.645033"
  },
  {
    "id": 34,
    "user_id": 43,
    "name": "Angola Cables",
    "sector": "Telecomunicações",
    "logo_url": "https://th.bing.com/th/id/OIP.J0LiapMNvEASDubEbgxbaAHaFP?rs=1&pid=ImgDetMain",
    "phone": "+244 222 901 234",
    "location": "Luanda",
    "employee_count": 200,
    "created_at": "2025-07-20 20:57:05.375284",
    "updated_at": "2025-07-20 20:57:05.375284"
  },
  {
    "id": 35,
    "user_id": 44,
    "name": "TAAG Angola Airlines",
    "sector": "Aviação",
    "logo_url": "https://airhex.com/images/airline-logos/alt/taag-angola.png",
    "phone": "+244 222 012 345",
    "location": "Luanda",
    "employee_count": 2000,
    "created_at": "2025-07-20 20:57:06.098158",
    "updated_at": "2025-07-20 20:57:06.098158"
  },
  {
    "id": 36,
    "user_id": 45,
    "name": "Refriango",
    "sector": "Bebidas",
    "logo_url": "https://seeklogo.com/images/R/refriango-logo-AD493B6274-seeklogo.com.png",
    "phone": "+244 222 123 456",
    "location": "Luanda",
    "employee_count": 600,
    "created_at": "2025-07-20 20:57:06.673712",
    "updated_at": "2025-07-20 20:57:06.673712"
  },
  {
    "id": 37,
    "user_id": 46,
    "name": "Banco de Fomento Angola (BFA)",
    "sector": "Serviços Financeiros",
    "logo_url": "https://yt3.ggpht.com/a-/AAuE7mBtMdXtNDGQIHWQ3MsAN0ojUSwk256VJeNcDg=s900-mo-c-c0xffffffff-rj-k-no",
    "phone": "+244 222 234 567",
    "location": "Luanda",
    "employee_count": 800,
    "created_at": "2025-07-20 20:57:07.253811",
    "updated_at": "2025-07-20 20:57:07.253811"
  },
  {
    "id": 38,
    "user_id": 47,
    "name": "ZAP",
    "sector": "Telecomunicações",
    "logo_url": "https://www.menosfios.com/wp-content/uploads/2019/01/ZAP-1.jpg",
    "phone": "+244 222 345 678",
    "location": "Luanda",
    "employee_count": 300,
    "created_at": "2025-07-20 20:57:07.981276",
    "updated_at": "2025-07-20 20:57:07.981276"
  },
  {
    "id": 39,
    "user_id": 48,
    "name": "Coca-Cola Angola",
    "sector": "Bebidas",
    "logo_url": "https://th.bing.com/th/id/OIP.CPon93wKHu3aSx4P8U2w_QHaHa?rs=1&pid=ImgDetMain",
    "phone": "+244 222 456 789",
    "location": "Luanda",
    "employee_count": 400,
    "created_at": "2025-07-20 20:57:08.701773",
    "updated_at": "2025-07-20 20:57:08.701773"
  },
  {
    "id": 40,
    "user_id": 49,
    "name": "Movicel",
    "sector": "Telecomunicações",
    "logo_url": "https://th.bing.com/th/id/R.a58772baeef0c5e6b31f555c830288e1?rik=ljVCwMlDDlCTeg&riu=http%3a%2f%2fwww.menosfios.com%2fwp-content%2fuploads%2f2016%2f10%2fMovicel-2.jpg&ehk=c7LNTrBECODyXJlpCguET8ZoncW3gi7cAfxbDnUmKSk%3d&risl=&pid=ImgRaw&r=0&sres=1&sresct=1",
    "phone": "+244 923 567 890",
    "location": "Luanda",
    "employee_count": 1500,
    "created_at": "2025-07-20 20:57:09.424126",
    "updated_at": "2025-07-20 20:57:09.424126"
  },
  {
    "id": 41,
    "user_id": 50,
    "name": "Shoprite Angola",
    "sector": "Retalho",
    "logo_url": "https://th.bing.com/th/id/OIP.EDwY-zVa4RMF1qorCwMDfAHaHa?rs=1&pid=ImgDetMain",
    "phone": "+244 222 567 890",
    "location": "Luanda",
    "employee_count": 3000,
    "created_at": "2025-07-20 20:57:10.002099",
    "updated_at": "2025-07-20 20:57:10.002099"
  },
  {
    "id": 42,
    "user_id": 51,
    "name": "Chevron Angola",
    "sector": "Petróleo e Gás",
    "logo_url": "https://th.bing.com/th/id/OIP.1l7vmw1-6_kOHI4ArLz71wHaDt?rs=1&pid=ImgDetMain",
    "phone": "+244 222 678 901",
    "location": "Luanda",
    "employee_count": 1800,
    "created_at": "2025-07-20 20:57:10.723587",
    "updated_at": "2025-07-20 20:57:10.723587"
  },
  {
    "id": 43,
    "user_id": 52,
    "name": "TotalEnergies Angola",
    "sector": "Petróleo e Gás",
    "logo_url": "https://th.bing.com/th/id/OIP.JDEooFDdWdhl8dAi0u4ijgHaHa?rs=1&pid=ImgDetMain",
    "phone": "+244 222 789 012",
    "location": "Luanda",
    "employee_count": 2200,
    "created_at": "2025-07-20 20:57:11.299909",
    "updated_at": "2025-07-20 20:57:11.299909"
  },
  {
    "id": 44,
    "user_id": 53,
    "name": "Sonangol",
    "sector": "Petróleo e Gás",
    "logo_url": "https://th.bing.com/th/id/OIP.6DfwV3DMpEE_CnnL73gW7gHaHa?rs=1&pid=ImgDetMain",
    "phone": "+244 222 890 123",
    "location": "Luanda",
    "employee_count": 5000,
    "created_at": "2025-07-20 20:57:11.878268",
    "updated_at": "2025-07-20 20:57:11.878268"
  }
]