[
  {
    "id": 38,
    "company_id": null,
    "individual_id": 1,
    "consumption_record_id": null,
    "file_url": "/uploads/proofs/paymentProof-1754475715678-75500573.png",
    "amount": "10000.00",
    "sdg_id": 2,
    "status": "approved",
    "created_at": "2025-08-06 10:22:04.956369",
    "updated_at": "2025-08-06 10:28:21.776"
  },
  {
    "id": 39,
    "company_id": null,
    "individual_id": 1,
    "consumption_record_id": 13,
    "file_url": "/uploads/proofs/paymentProof-1754475981842-558493129.png",
    "amount": "3000.00",
    "sdg_id": 2,
    "status": "approved",
    "created_at": "2025-08-06 10:26:24.574562",
    "updated_at": "2025-08-06 10:29:21.605"
  }
]