[
  {
    "id": 7,
    "companyId": 26,
    "individualId": null,
    "description": "Consumo energético mensal - Catoca",
    "energyKwh": "27587.15",
    "fuelLiters": "4752.91",
    "fuelType": "Diesel",
    "transportKm": "7718.23",
    "transportType": "Viaturas da empresa",
    "waterM3": "782.27",
    "wasteKg": "965.14",
    "emissionKgCo2": "25420.88",
    "compensationValueKz": "562372.48",
    "period": "monthly",
    "month": "01",
    "day": null,
    "year": 2025,
    "createdAt": "2025-07-20T20:56:59.726Z"
  },
  {
    "id": 8,
    "companyId": 27,
    "individualId": null,
    "description": "Consumo energético mensal - Macon",
    "energyKwh": "26519.66",
    "fuelLiters": "1023.16",
    "fuelType": "Diesel",
    "transportKm": "5480.01",
    "transportType": "Viaturas da empresa",
    "waterM3": "500.32",
    "wasteKg": "836.10",
    "emissionKgCo2": "22976.95",
    "compensationValueKz": "422388.84",
    "period": "monthly",
    "month": "01",
    "day": null,
    "year": 2025,
    "createdAt": "2025-07-20T20:57:00.455Z"
  },
  {
    "id": 9,
    "companyId": 28,
    "individualId": null,
    "description": "Consumo energético mensal - Africell Angola",
    "energyKwh": "32098.71",
    "fuelLiters": "3340.25",
    "fuelType": "Diesel",
    "transportKm": "10750.69",
    "transportType": "Viaturas da empresa",
    "waterM3": "1173.76",
    "wasteKg": "2407.20",
    "emissionKgCo2": "17764.14",
    "compensationValueKz": "155647.16",
    "period": "monthly",
    "month": "01",
    "day": null,
    "year": 2025,
    "createdAt": "2025-07-20T20:57:01.179Z"
  },
  {
    "id": 10,
    "companyId": 29,
    "individualId": null,
    "description": "Consumo energético mensal - INAPEN",
    "energyKwh": "21627.49",
    "fuelLiters": "4548.94",
    "fuelType": "Diesel",
    "transportKm": "3220.03",
    "transportType": "Viaturas da empresa",
    "waterM3": "482.22",
    "wasteKg": "2023.54",
    "emissionKgCo2": "25059.46",
    "compensationValueKz": "275582.73",
    "period": "monthly",
    "month": "01",
    "day": null,
    "year": 2025,
    "createdAt": "2025-07-20T20:57:01.905Z"
  },
  {
    "id": 11,
    "companyId": 30,
    "individualId": null,
    "description": "Consumo energético mensal - ENSA",
    "energyKwh": "49776.70",
    "fuelLiters": "1351.85",
    "fuelType": "Diesel",
    "transportKm": "9831.08",
    "transportType": "Viaturas da empresa",
    "waterM3": "858.69",
    "wasteKg": "2447.96",
    "emissionKgCo2": "18092.51",
    "compensationValueKz": "155808.63",
    "period": "monthly",
    "month": "01",
    "day": null,
    "year": 2025,
    "createdAt": "2025-07-20T20:57:02.627Z"
  },
  {
    "id": 12,
    "companyId": 31,
    "individualId": null,
    "description": "Consumo energético mensal - Global Seguros",
    "energyKwh": "37755.08",
    "fuelLiters": "1661.64",
    "fuelType": "Diesel",
    "transportKm": "4448.00",
    "transportType": "Viaturas da empresa",
    "waterM3": "954.39",
    "wasteKg": "571.55",
    "emissionKgCo2": "10949.97",
    "compensationValueKz": "246806.69",
    "period": "monthly",
    "month": "01",
    "day": null,
    "year": 2025,
    "createdAt": "2025-07-20T20:57:03.347Z"
  },
  {
    "id": 13,
    "companyId": 32,
    "individualId": null,
    "description": "Consumo energético mensal - Banco BIC",
    "energyKwh": "22442.52",
    "fuelLiters": "1175.25",
    "fuelType": "Diesel",
    "transportKm": "7450.00",
    "transportType": "Viaturas da empresa",
    "waterM3": "813.78",
    "wasteKg": "1001.99",
    "emissionKgCo2": "23417.54",
    "compensationValueKz": "309641.49",
    "period": "monthly",
    "month": "01",
    "day": null,
    "year": 2025,
    "createdAt": "2025-07-20T20:57:04.069Z"
  },
  {
    "id": 14,
    "companyId": 33,
    "individualId": null,
    "description": "Consumo energético mensal - Rádio Nacional de Angola",
    "energyKwh": "47548.04",
    "fuelLiters": "3268.04",
    "fuelType": "Diesel",
    "transportKm": "4307.01",
    "transportType": "Viaturas da empresa",
    "waterM3": "1054.08",
    "wasteKg": "1941.16",
    "emissionKgCo2": "8054.35",
    "compensationValueKz": "224489.40",
    "period": "monthly",
    "month": "01",
    "day": null,
    "year": 2025,
    "createdAt": "2025-07-20T20:57:04.791Z"
  },
  {
    "id": 15,
    "companyId": 34,
    "individualId": null,
    "description": "Consumo energético mensal - Angola Cables",
    "energyKwh": "17118.98",
    "fuelLiters": "4274.08",
    "fuelType": "Diesel",
    "transportKm": "5735.76",
    "transportType": "Viaturas da empresa",
    "waterM3": "306.73",
    "wasteKg": "534.87",
    "emissionKgCo2": "5628.57",
    "compensationValueKz": "210659.08",
    "period": "monthly",
    "month": "01",
    "day": null,
    "year": 2025,
    "createdAt": "2025-07-20T20:57:05.519Z"
  },
  {
    "id": 16,
    "companyId": 35,
    "individualId": null,
    "description": "Consumo energético mensal - TAAG Angola Airlines",
    "energyKwh": "42983.92",
    "fuelLiters": "2914.05",
    "fuelType": "Diesel",
    "transportKm": "10454.29",
    "transportType": "Viaturas da empresa",
    "waterM3": "698.77",
    "wasteKg": "657.75",
    "emissionKgCo2": "15546.40",
    "compensationValueKz": "223766.08",
    "period": "monthly",
    "month": "01",
    "day": null,
    "year": 2025,
    "createdAt": "2025-07-20T20:57:06.241Z"
  },
  {
    "id": 17,
    "companyId": 36,
    "individualId": null,
    "description": "Consumo energético mensal - Refriango",
    "energyKwh": "48869.42",
    "fuelLiters": "5889.10",
    "fuelType": "Diesel",
    "transportKm": "3130.87",
    "transportType": "Viaturas da empresa",
    "waterM3": "690.32",
    "wasteKg": "2162.88",
    "emissionKgCo2": "21523.54",
    "compensationValueKz": "363501.88",
    "period": "monthly",
    "month": "01",
    "day": null,
    "year": 2025,
    "createdAt": "2025-07-20T20:57:06.818Z"
  },
  {
    "id": 18,
    "companyId": 37,
    "individualId": null,
    "description": "Consumo energético mensal - Banco de Fomento Angola (BFA)",
    "energyKwh": "50602.51",
    "fuelLiters": "3288.93",
    "fuelType": "Diesel",
    "transportKm": "11592.97",
    "transportType": "Viaturas da empresa",
    "waterM3": "957.96",
    "wasteKg": "905.08",
    "emissionKgCo2": "25520.64",
    "compensationValueKz": "474773.64",
    "period": "monthly",
    "month": "01",
    "day": null,
    "year": 2025,
    "createdAt": "2025-07-20T20:57:07.398Z"
  },
  {
    "id": 19,
    "companyId": 38,
    "individualId": null,
    "description": "Consumo energético mensal - ZAP",
    "energyKwh": "23826.89",
    "fuelLiters": "5644.30",
    "fuelType": "Diesel",
    "transportKm": "8396.36",
    "transportType": "Viaturas da empresa",
    "waterM3": "625.87",
    "wasteKg": "864.25",
    "emissionKgCo2": "17788.09",
    "compensationValueKz": "472048.38",
    "period": "monthly",
    "month": "01",
    "day": null,
    "year": 2025,
    "createdAt": "2025-07-20T20:57:08.125Z"
  },
  {
    "id": 20,
    "companyId": 39,
    "individualId": null,
    "description": "Consumo energético mensal - Coca-Cola Angola",
    "energyKwh": "57181.80",
    "fuelLiters": "2751.51",
    "fuelType": "Diesel",
    "transportKm": "2388.56",
    "transportType": "Viaturas da empresa",
    "waterM3": "1118.71",
    "wasteKg": "671.11",
    "emissionKgCo2": "16293.92",
    "compensationValueKz": "524589.02",
    "period": "monthly",
    "month": "01",
    "day": null,
    "year": 2025,
    "createdAt": "2025-07-20T20:57:08.846Z"
  },
  {
    "id": 21,
    "companyId": 40,
    "individualId": null,
    "description": "Consumo energético mensal - Movicel",
    "energyKwh": "18684.60",
    "fuelLiters": "4339.93",
    "fuelType": "Diesel",
    "transportKm": "6432.23",
    "transportType": "Viaturas da empresa",
    "waterM3": "1065.14",
    "wasteKg": "1792.84",
    "emissionKgCo2": "14295.15",
    "compensationValueKz": "440316.67",
    "period": "monthly",
    "month": "01",
    "day": null,
    "year": 2025,
    "createdAt": "2025-07-20T20:57:09.568Z"
  },
  {
    "id": 22,
    "companyId": 41,
    "individualId": null,
    "description": "Consumo energético mensal - Shoprite Angola",
    "energyKwh": "15471.87",
    "fuelLiters": "3217.31",
    "fuelType": "Diesel",
    "transportKm": "11799.16",
    "transportType": "Viaturas da empresa",
    "waterM3": "659.71",
    "wasteKg": "2383.09",
    "emissionKgCo2": "21197.65",
    "compensationValueKz": "138058.83",
    "period": "monthly",
    "month": "01",
    "day": null,
    "year": 2025,
    "createdAt": "2025-07-20T20:57:10.146Z"
  },
  {
    "id": 23,
    "companyId": 42,
    "individualId": null,
    "description": "Consumo energético mensal - Chevron Angola",
    "energyKwh": "44581.70",
    "fuelLiters": "3399.11",
    "fuelType": "Diesel",
    "transportKm": "11961.59",
    "transportType": "Viaturas da empresa",
    "waterM3": "675.31",
    "wasteKg": "1157.33",
    "emissionKgCo2": "8826.76",
    "compensationValueKz": "361538.21",
    "period": "monthly",
    "month": "01",
    "day": null,
    "year": 2025,
    "createdAt": "2025-07-20T20:57:10.867Z"
  },
  {
    "id": 24,
    "companyId": 43,
    "individualId": null,
    "description": "Consumo energético mensal - TotalEnergies Angola",
    "energyKwh": "31556.26",
    "fuelLiters": "4422.99",
    "fuelType": "Diesel",
    "transportKm": "11875.98",
    "transportType": "Viaturas da empresa",
    "waterM3": "302.81",
    "wasteKg": "1855.15",
    "emissionKgCo2": "7780.75",
    "compensationValueKz": "130958.52",
    "period": "monthly",
    "month": "01",
    "day": null,
    "year": 2025,
    "createdAt": "2025-07-20T20:57:11.444Z"
  },
  {
    "id": 25,
    "companyId": 44,
    "individualId": null,
    "description": "Consumo energético mensal - Sonangol",
    "energyKwh": "49875.23",
    "fuelLiters": "2867.95",
    "fuelType": "Diesel",
    "transportKm": "3942.64",
    "transportType": "Viaturas da empresa",
    "waterM3": "379.55",
    "wasteKg": "2023.78",
    "emissionKgCo2": "16434.47",
    "compensationValueKz": "215873.67",
    "period": "monthly",
    "month": "01",
    "day": null,
    "year": 2025,
    "createdAt": "2025-07-20T20:57:12.024Z"
  },
  {
    "id": 26,
    "companyId": null,
    "individualId": 7,
    "description": "Consumo pessoal - Ana Fernandes",
    "energyKwh": "248.90",
    "fuelLiters": "100.00",
    "fuelType": "Gasolina",
    "transportKm": "1164.91",
    "transportType": "Viatura pessoal",
    "waterM3": "21.85",
    "wasteKg": "74.28",
    "emissionKgCo2": "1143.81",
    "compensationValueKz": "16946.27",
    "period": "monthly",
    "month": "01",
    "day": null,
    "year": 2025,
    "createdAt": "2025-07-20T20:57:12.746Z"
  },
  {
    "id": 27,
    "companyId": null,
    "individualId": 8,
    "description": "Consumo pessoal - Carlos Silva",
    "energyKwh": "361.35",
    "fuelLiters": "72.79",
    "fuelType": "Gasolina",
    "transportKm": "2144.01",
    "transportType": "Viatura pessoal",
    "waterM3": "55.44",
    "wasteKg": "21.42",
    "emissionKgCo2": "1047.19",
    "compensationValueKz": "24250.27",
    "period": "monthly",
    "month": "01",
    "day": null,
    "year": 2025,
    "createdAt": "2025-07-20T20:57:13.467Z"
  },
  {
    "id": 28,
    "companyId": null,
    "individualId": 9,
    "description": "Consumo pessoal - Maria Santos",
    "energyKwh": "576.41",
    "fuelLiters": "93.95",
    "fuelType": "Gasolina",
    "transportKm": "2356.28",
    "transportType": "Viatura pessoal",
    "waterM3": "47.72",
    "wasteKg": "110.14",
    "emissionKgCo2": "577.83",
    "compensationValueKz": "42312.98",
    "period": "monthly",
    "month": "01",
    "day": null,
    "year": 2025,
    "createdAt": "2025-07-20T20:57:14.191Z"
  },
  {
    "id": 29,
    "companyId": null,
    "individualId": 10,
    "description": "Consumo pessoal - João Pereira",
    "energyKwh": "475.02",
    "fuelLiters": "156.72",
    "fuelType": "Gasolina",
    "transportKm": "635.98",
    "transportType": "Viatura pessoal",
    "waterM3": "12.06",
    "wasteKg": "34.91",
    "emissionKgCo2": "487.36",
    "compensationValueKz": "42073.82",
    "period": "monthly",
    "month": "01",
    "day": null,
    "year": 2025,
    "createdAt": "2025-07-20T20:57:14.767Z"
  },
  {
    "id": 30,
    "companyId": null,
    "individualId": 11,
    "description": "Consumo pessoal - Isabel Costa",
    "energyKwh": "335.39",
    "fuelLiters": "199.17",
    "fuelType": "Gasolina",
    "transportKm": "1698.62",
    "transportType": "Viatura pessoal",
    "waterM3": "19.50",
    "wasteKg": "105.50",
    "emissionKgCo2": "261.19",
    "compensationValueKz": "17627.28",
    "period": "monthly",
    "month": "01",
    "day": null,
    "year": 2025,
    "createdAt": "2025-07-20T20:57:15.487Z"
  },
  {
    "id": 31,
    "companyId": null,
    "individualId": 12,
    "description": "Consumo pessoal - Miguel Rodrigues",
    "energyKwh": "558.93",
    "fuelLiters": "117.27",
    "fuelType": "Gasolina",
    "transportKm": "1686.23",
    "transportType": "Viatura pessoal",
    "waterM3": "50.91",
    "wasteKg": "83.65",
    "emissionKgCo2": "1164.63",
    "compensationValueKz": "53602.09",
    "period": "monthly",
    "month": "01",
    "day": null,
    "year": 2025,
    "createdAt": "2025-07-20T20:57:16.064Z"
  },
  {
    "id": 32,
    "companyId": null,
    "individualId": 13,
    "description": "Consumo pessoal - Teresa Almeida",
    "energyKwh": "572.26",
    "fuelLiters": "201.77",
    "fuelType": "Gasolina",
    "transportKm": "900.59",
    "transportType": "Viatura pessoal",
    "waterM3": "30.28",
    "wasteKg": "71.73",
    "emissionKgCo2": "525.44",
    "compensationValueKz": "48139.53",
    "period": "monthly",
    "month": "01",
    "day": null,
    "year": 2025,
    "createdAt": "2025-07-20T20:57:16.784Z"
  },
  {
    "id": 33,
    "companyId": null,
    "individualId": 14,
    "description": "Consumo pessoal - Pedro Gomes",
    "energyKwh": "417.62",
    "fuelLiters": "114.57",
    "fuelType": "Gasolina",
    "transportKm": "1957.42",
    "transportType": "Viatura pessoal",
    "waterM3": "44.39",
    "wasteKg": "74.74",
    "emissionKgCo2": "599.55",
    "compensationValueKz": "21859.99",
    "period": "monthly",
    "month": "01",
    "day": null,
    "year": 2025,
    "createdAt": "2025-07-20T20:57:17.508Z"
  }
]