{
  "companies": [
    {
      "id": 25,
      "name": "TV Zimbo",
      "logoUrl": "https://1.bp.blogspot.com/-K9JZTryMOXg/W-PGuOHkOWI/AAAAAAAAOBQ/ir7JLlcdbns_8Iiq_ndde5R10XsXs5O3gCLcBGAs/s1600/tvzimbo%2Bby%2Bchelynews.jpg"
    },
    {
      "id": 26,
      "name": "Catoca",
      "logoUrl": "https://lidermagazine.ao/wp-content/uploads/2024/03/348221613_785352553242094_3211611353137058124_n.jpg"
    },
    {
      "id": 27,
      "name": "Macon",
      "logoUrl": "https://vendawebmaconhomolog.rjconsultores.com.br/VendaWebMaconHomol/assets/images/logo-transparente.png"
    },
    {
      "id": 28,
      "name": "Africell Angola",
      "logoUrl": "https://www.menosfios.com/wp-content/uploads/2020/09/Africell-Angola-Menos-Fios-768x524.jpg"
    },
    {
      "id": 29,
      "name": "INAPEN",
      "logoUrl": "https://seeklogo.com/images/I/inapem-logo-61BFE035F0-seeklogo.com.png"
    },
    {
      "id": 30,
      "name": "ENSA",
      "logoUrl": "https://atrium-shopping.com/wp-content/uploads/2019/09/ensa.png"
    },
    {
      "id": 31,
      "name": "Global Seguros",
      "logoUrl": "https://atrium-shopping.com/wp-content/uploads/2019/09/global_seguros.png"
    },
    {
      "id": 32,
      "name": "Banco BIC",
      "logoUrl": "https://www.impala.pt/wp-content/uploads/2017/06/16788491.JPG"
    },
    {
      "id": 33,
      "name": "Rádio Nacional de Angola",
      "logoUrl": "https://www.radioportal.ecatolico.com/images/stations/rma.webp"
    },
    {
      "id": 34,
      "name": "Angola Cables",
      "logoUrl": "https://th.bing.com/th/id/OIP.J0LiapMNvEASDubEbgxbaAHaFP?rs=1&pid=ImgDetMain"
    },
    {
      "id": 35,
      "name": "TAAG Angola Airlines",
      "logoUrl": "https://airhex.com/images/airline-logos/alt/taag-angola.png"
    },
    {
      "id": 36,
      "name": "Refriango",
      "logoUrl": "https://seeklogo.com/images/R/refriango-logo-AD493B6274-seeklogo.com.png"
    },
    {
      "id": 37,
      "name": "Banco de Fomento Angola (BFA)",
      "logoUrl": "https://yt3.ggpht.com/a-/AAuE7mBtMdXtNDGQIHWQ3MsAN0ojUSwk256VJeNcDg=s900-mo-c-c0xffffffff-rj-k-no"
    },
    {
      "id": 38,
      "name": "ZAP",
      "logoUrl": "https://www.menosfios.com/wp-content/uploads/2019/01/ZAP-1.jpg"
    },
    {
      "id": 39,
      "name": "Coca-Cola Angola",
      "logoUrl": "https://th.bing.com/th/id/OIP.CPon93wKHu3aSx4P8U2w_QHaHa?rs=1&pid=ImgDetMain"
    },
    {
      "id": 40,
      "name": "Movicel",
      "logoUrl": "https://th.bing.com/th/id/R.a58772baeef0c5e6b31f555c830288e1?rik=ljVCwMlDDlCTeg&riu=http%3a%2f%2fwww.menosfios.com%2fwp-content%2fuploads%2f2016%2f10%2fMovicel-2.jpg&ehk=c7LNTrBECODyXJlpCguET8ZoncW3gi7cAfxbDnUmKSk%3d&risl=&pid=ImgRaw&r=0&sres=1&sresct=1"
    },
    {
      "id": 41,
      "name": "Shoprite Angola",
      "logoUrl": "https://th.bing.com/th/id/OIP.EDwY-zVa4RMF1qorCwMDfAHaHa?rs=1&pid=ImgDetMain"
    },
    {
      "id": 42,
      "name": "Chevron Angola",
      "logoUrl": "https://th.bing.com/th/id/OIP.1l7vmw1-6_kOHI4ArLz71wHaDt?rs=1&pid=ImgDetMain"
    },
    {
      "id": 43,
      "name": "TotalEnergies Angola",
      "logoUrl": "https://th.bing.com/th/id/OIP.JDEooFDdWdhl8dAi0u4ijgHaHa?rs=1&pid=ImgDetMain"
    },
    {
      "id": 44,
      "name": "Sonangol",
      "logoUrl": "https://th.bing.com/th/id/OIP.6DfwV3DMpEE_CnnL73gW7gHaHa?rs=1&pid=ImgDetMain"
    }
  ],
  "individuals": [
    {
      "id": 7,
      "name": "Ana Fernandes",
      "profilePictureUrl": "https://images.unsplash.com/photo-1494790108755-2616b612b3d4?w=400&h=400&fit=crop&crop=face"
    },
    {
      "id": 8,
      "name": "Carlos Silva",
      "profilePictureUrl": "https://images.unsplash.com/photo-1472099645785-5658abf4ff4e?w=400&h=400&fit=crop&crop=face"
    },
    {
      "id": 9,
      "name": "Maria Santos",
      "profilePictureUrl": "https://images.unsplash.com/photo-1438761681033-6461ffad8d80?w=400&h=400&fit=crop&crop=face"
    },
    {
      "id": 10,
      "name": "João Pereira",
      "profilePictureUrl": "https://images.unsplash.com/photo-1500648767791-00dcc994a43e?w=400&h=400&fit=crop&crop=face"
    },
    {
      "id": 11,
      "name": "Isabel Costa",
      "profilePictureUrl": "https://images.unsplash.com/photo-1534528741775-53994a69daeb?w=400&h=400&fit=crop&crop=face"
    },
    {
      "id": 12,
      "name": "Miguel Rodrigues",
      "profilePictureUrl": "https://images.unsplash.com/photo-1507003211169-0a1dd7228f2d?w=400&h=400&fit=crop&crop=face"
    },
    {
      "id": 13,
      "name": "Teresa Almeida",
      "profilePictureUrl": "https://images.unsplash.com/photo-1489424731084-a5d8b219a5bb?w=400&h=400&fit=crop&crop=face"
    },
    {
      "id": 14,
      "name": "Pedro Gomes",
      "profilePictureUrl": "https://images.unsplash.com/photo-1463453091185-61582044d556?w=400&h=400&fit=crop&crop=face"
    }
  ],
  "projects": [
    {
      "id": 9,
      "name": "Reflorestação da Mata do Mayombe",
      "imageUrl": "https://images.unsplash.com/photo-1441974231531-c6227db76b6e?w=800&h=600&fit=crop"
    },
    {
      "id": 10,
      "name": "Energia Solar Rural em Huíla",
      "imageUrl": "https://images.unsplash.com/photo-1509391366360-2e959784a276?w=800&h=600&fit=crop"
    },
    {
      "id": 11,
      "name": "Água Potável para Benguela",
      "imageUrl": "https://images.unsplash.com/photo-1559827260-dc66d52bef19?w=800&h=600&fit=crop"
    },
    {
      "id": 12,
      "name": "Educação Ambiental nas Escolas",
      "imageUrl": "https://images.unsplash.com/photo-1497486751825-1233686d5d80?w=800&h=600&fit=crop"
    },
    {
      "id": 13,
      "name": "Agricultura Sustentável no Kwanza Sul",
      "imageUrl": "https://images.unsplash.com/photo-1574943320219-553eb213f72d?w=800&h=600&fit=crop"
    },
    {
      "id": 14,
      "name": "Reciclagem de Resíduos em Luanda",
      "imageUrl": "https://images.unsplash.com/photo-1532996122724-e3c354a0b15b?w=800&h=600&fit=crop"
    },
    {
      "id": 15,
      "name": "Empoderamento Feminino Rural",
      "imageUrl": "https://images.unsplash.com/photo-1509099836639-18ba1795216d?w=800&h=600&fit=crop"
    },
    {
      "id": 17,
      "name": "Combate à Pobreza no Bié",
      "imageUrl": "https://images.unsplash.com/photo-1488521787991-ed7bbaae773c?w=800&h=600&fit=crop"
    },
    {
      "id": 18,
      "name": "Proteção Marinha em Namibe",
      "imageUrl": "https://images.unsplash.com/photo-1559827260-dc66d52bef19?w=800&h=600&fit=crop"
    },
    {
      "id": 16,
      "name": "Saúde Materno-Infantil no Cuando Cubango",
      "imageUrl": "/uploads/projects/image-1753045980398-474016214.jfif"
    }
  ],
  "projectUpdates": []
}