[
  {
    "id": 53,
    "companyId": 26,
    "individualId": null,
    "consumptionRecordId": 7,
    "fileUrl": "/uploads/payment-proof-35.pdf",
    "amount": "562372.48",
    "sdgId": 4,
    "status": "pending",
    "createdAt": "2025-07-20T20:56:59.875Z",
    "updatedAt": "2025-07-20T20:56:59.875Z"
  },
  {
    "id": 54,
    "companyId": 27,
    "individualId": null,
    "consumptionRecordId": 8,
    "fileUrl": "/uploads/payment-proof-36.pdf",
    "amount": "422388.84",
    "sdgId": 16,
    "status": "approved",
    "createdAt": "2025-07-20T20:57:00.601Z",
    "updatedAt": "2025-07-20T20:57:00.601Z"
  },
  {
    "id": 55,
    "companyId": 28,
    "individualId": null,
    "consumptionRecordId": 9,
    "fileUrl": "/uploads/payment-proof-37.pdf",
    "amount": "155647.16",
    "sdgId": 3,
    "status": "approved",
    "createdAt": "2025-07-20T20:57:01.323Z",
    "updatedAt": "2025-07-20T20:57:01.323Z"
  },
  {
    "id": 56,
    "companyId": 29,
    "individualId": null,
    "consumptionRecordId": 10,
    "fileUrl": "/uploads/payment-proof-38.pdf",
    "amount": "275582.73",
    "sdgId": 16,
    "status": "pending",
    "createdAt": "2025-07-20T20:57:02.052Z",
    "updatedAt": "2025-07-20T20:57:02.052Z"
  },
  {
    "id": 57,
    "companyId": 30,
    "individualId": null,
    "consumptionRecordId": 11,
    "fileUrl": "/uploads/payment-proof-39.pdf",
    "amount": "155808.63",
    "sdgId": 2,
    "status": "approved",
    "createdAt": "2025-07-20T20:57:02.771Z",
    "updatedAt": "2025-07-20T20:57:02.771Z"
  },
  {
    "id": 58,
    "companyId": 31,
    "individualId": null,
    "consumptionRecordId": 12,
    "fileUrl": "/uploads/payment-proof-40.pdf",
    "amount": "246806.69",
    "sdgId": 11,
    "status": "approved",
    "createdAt": "2025-07-20T20:57:03.492Z",
    "updatedAt": "2025-07-20T20:57:03.492Z"
  },
  {
    "id": 59,
    "companyId": 32,
    "individualId": null,
    "consumptionRecordId": 13,
    "fileUrl": "/uploads/payment-proof-41.pdf",
    "amount": "309641.49",
    "sdgId": 2,
    "status": "approved",
    "createdAt": "2025-07-20T20:57:04.213Z",
    "updatedAt": "2025-07-20T20:57:04.213Z"
  },
  {
    "id": 60,
    "companyId": 33,
    "individualId": null,
    "consumptionRecordId": 14,
    "fileUrl": "/uploads/payment-proof-42.pdf",
    "amount": "224489.40",
    "sdgId": 6,
    "status": "pending",
    "createdAt": "2025-07-20T20:57:04.941Z",
    "updatedAt": "2025-07-20T20:57:04.941Z"
  },
  {
    "id": 61,
    "companyId": 34,
    "individualId": null,
    "consumptionRecordId": 15,
    "fileUrl": "/uploads/payment-proof-43.pdf",
    "amount": "210659.08",
    "sdgId": 4,
    "status": "pending",
    "createdAt": "2025-07-20T20:57:05.663Z",
    "updatedAt": "2025-07-20T20:57:05.663Z"
  },
  {
    "id": 62,
    "companyId": 37,
    "individualId": null,
    "consumptionRecordId": 18,
    "fileUrl": "/uploads/payment-proof-46.pdf",
    "amount": "474773.64",
    "sdgId": 2,
    "status": "approved",
    "createdAt": "2025-07-20T20:57:07.549Z",
    "updatedAt": "2025-07-20T20:57:07.549Z"
  },
  {
    "id": 63,
    "companyId": 38,
    "individualId": null,
    "consumptionRecordId": 19,
    "fileUrl": "/uploads/payment-proof-47.pdf",
    "amount": "472048.38",
    "sdgId": 5,
    "status": "pending",
    "createdAt": "2025-07-20T20:57:08.269Z",
    "updatedAt": "2025-07-20T20:57:08.269Z"
  },
  {
    "id": 64,
    "companyId": 39,
    "individualId": null,
    "consumptionRecordId": 20,
    "fileUrl": "/uploads/payment-proof-48.pdf",
    "amount": "524589.02",
    "sdgId": 2,
    "status": "pending",
    "createdAt": "2025-07-20T20:57:08.990Z",
    "updatedAt": "2025-07-20T20:57:08.990Z"
  },
  {
    "id": 65,
    "companyId": 41,
    "individualId": null,
    "consumptionRecordId": 22,
    "fileUrl": "/uploads/payment-proof-50.pdf",
    "amount": "138058.83",
    "sdgId": 17,
    "status": "approved",
    "createdAt": "2025-07-20T20:57:10.290Z",
    "updatedAt": "2025-07-20T20:57:10.290Z"
  },
  {
    "id": 66,
    "companyId": 44,
    "individualId": null,
    "consumptionRecordId": 25,
    "fileUrl": "/uploads/payment-proof-53.pdf",
    "amount": "215873.67",
    "sdgId": 16,
    "status": "approved",
    "createdAt": "2025-07-20T20:57:12.168Z",
    "updatedAt": "2025-07-20T20:57:12.168Z"
  },
  {
    "id": 67,
    "companyId": null,
    "individualId": 7,
    "consumptionRecordId": 26,
    "fileUrl": "/uploads/payment-proof-individual-54.pdf",
    "amount": "16946.27",
    "sdgId": 15,
    "status": "approved",
    "createdAt": "2025-07-20T20:57:12.890Z",
    "updatedAt": "2025-07-20T20:57:12.890Z"
  },
  {
    "id": 68,
    "companyId": null,
    "individualId": 8,
    "consumptionRecordId": 27,
    "fileUrl": "/uploads/payment-proof-individual-55.pdf",
    "amount": "24250.27",
    "sdgId": 9,
    "status": "pending",
    "createdAt": "2025-07-20T20:57:13.611Z",
    "updatedAt": "2025-07-20T20:57:13.611Z"
  },
  {
    "id": 69,
    "companyId": null,
    "individualId": 10,
    "consumptionRecordId": 29,
    "fileUrl": "/uploads/payment-proof-individual-57.pdf",
    "amount": "42073.82",
    "sdgId": null,
    "status": "approved",
    "createdAt": "2025-07-20T20:57:14.911Z",
    "updatedAt": "2025-07-20T20:57:14.911Z"
  },
  {
    "id": 70,
    "companyId": null,
    "individualId": 12,
    "consumptionRecordId": 31,
    "fileUrl": "/uploads/payment-proof-individual-59.pdf",
    "amount": "53602.09",
    "sdgId": 3,
    "status": "pending",
    "createdAt": "2025-07-20T20:57:16.208Z",
    "updatedAt": "2025-07-20T20:57:16.208Z"
  },
  {
    "id": 71,
    "companyId": null,
    "individualId": 13,
    "consumptionRecordId": 32,
    "fileUrl": "/uploads/payment-proof-individual-60.pdf",
    "amount": "48139.53",
    "sdgId": 11,
    "status": "approved",
    "createdAt": "2025-07-20T20:57:16.931Z",
    "updatedAt": "2025-07-20T20:57:16.931Z"
  }
]