[
  {
    "id": 9,
    "name": "Reflorestação da Mata do Mayombe",
    "sdgId": 15,
    "description": "Projeto de reflorestação da floresta tropical do Mayombe em Cabinda, visando restaurar a biodiversidade e combater as mudanças climáticas através do plantio de 50.000 árvores nativas.",
    "imageUrl": "https://images.unsplash.com/photo-1441974231531-c6227db76b6e?w=800&h=600&fit=crop",
    "totalInvested": "2500000.00",
    "peopleCount": 5000,
    "createdAt": "2025-07-20T20:57:17.797Z",
    "updatedAt": "2025-07-20T20:57:17.797Z",
    "sdg": {
      "id": 15,
      "number": 15,
      "name": "Vida Terrestre",
      "description": "Proteger, recuperar e promover o uso sustentável dos ecossistemas terrestres, gerir de forma sustentável as florestas, combater a desertificação, deter e reverter a degradação da Terra e deter a perda da biodiversidade.",
      "color": "#56C02B",
      "createdAt": "2025-07-14T17:06:22.570Z"
    },
    "updates": [],
    "investments": []
  },
  {
    "id": 10,
    "name": "Energia Solar Rural em Huíla",
    "sdgId": 7,
    "description": "Instalação de painéis solares em comunidades rurais da província da Huíla, fornecendo energia limpa para escolas, centros de saúde e residências de 20 aldeias.",
    "imageUrl": "https://images.unsplash.com/photo-1509391366360-2e959784a276?w=800&h=600&fit=crop",
    "totalInvested": "3200000.00",
    "peopleCount": 8000,
    "createdAt": "2025-07-20T20:57:17.942Z",
    "updatedAt": "2025-07-20T20:57:17.942Z",
    "sdg": {
      "id": 7,
      "number": 7,
      "name": "Energia Limpa e Acessível",
      "description": "Garantir acesso à energia barata, confiável, sustentável e renovável para todos.",
      "color": "#FCC30B",
      "createdAt": "2025-07-14T17:06:22.570Z"
    },
    "updates": [],
    "investments": []
  },
  {
    "id": 11,
    "name": "Água Potável para Benguela",
    "sdgId": 6,
    "description": "Construção de poços artesianos e sistemas de tratamento de água em comunidades rurais de Benguela, garantindo acesso à água potável para mais de 15.000 pessoas.",
    "imageUrl": "https://images.unsplash.com/photo-1559827260-dc66d52bef19?w=800&h=600&fit=crop",
    "totalInvested": "1800000.00",
    "peopleCount": 15000,
    "createdAt": "2025-07-20T20:57:18.086Z",
    "updatedAt": "2025-07-20T20:57:18.086Z",
    "sdg": {
      "id": 6,
      "number": 6,
      "name": "Água Potável e Saneamento",
      "description": "Garantir disponibilidade e manejo sustentável da água e saneamento para todos.",
      "color": "#26BDE2",
      "createdAt": "2025-07-14T17:06:22.570Z"
    },
    "updates": [],
    "investments": []
  },
  {
    "id": 12,
    "name": "Educação Ambiental nas Escolas",
    "sdgId": 4,
    "description": "Programa de educação ambiental em 100 escolas primárias de Luanda, ensinando sobre sustentabilidade, reciclagem e proteção ambiental a mais de 25.000 crianças.",
    "imageUrl": "https://images.unsplash.com/photo-1497486751825-1233686d5d80?w=800&h=600&fit=crop",
    "totalInvested": "950000.00",
    "peopleCount": 25000,
    "createdAt": "2025-07-20T20:57:18.232Z",
    "updatedAt": "2025-07-20T20:57:18.232Z",
    "sdg": {
      "id": 4,
      "number": 4,
      "name": "Educação de Qualidade",
      "description": "Assegurar a educação inclusiva e equitativa e de qualidade, e promover oportunidades de aprendizagem ao longo da vida para todos.",
      "color": "#C5192D",
      "createdAt": "2025-07-14T17:06:22.570Z"
    },
    "updates": [],
    "investments": []
  },
  {
    "id": 13,
    "name": "Agricultura Sustentável no Kwanza Sul",
    "sdgId": 2,
    "description": "Implementação de técnicas de agricultura sustentável em cooperativas do Kwanza Sul, aumentando a produtividade agrícola sem agredir o meio ambiente.",
    "imageUrl": "https://images.unsplash.com/photo-1574943320219-553eb213f72d?w=800&h=600&fit=crop",
    "totalInvested": "2100000.00",
    "peopleCount": 12000,
    "createdAt": "2025-07-20T20:57:18.377Z",
    "updatedAt": "2025-07-20T20:57:18.377Z",
    "sdg": {
      "id": 2,
      "number": 2,
      "name": "Fome Zero",
      "description": "Acabar com a fome, alcançar a segurança alimentar e melhoria da nutrição e promover a agricultura sustentável.",
      "color": "#DDA63A",
      "createdAt": "2025-07-14T17:06:22.570Z"
    },
    "updates": [],
    "investments": []
  },
  {
    "id": 14,
    "name": "Reciclagem de Resíduos em Luanda",
    "sdgId": 11,
    "description": "Centro de reciclagem de resíduos sólidos em Luanda, processando 200 toneladas de resíduos por dia e criando empregos verdes para a comunidade local.",
    "imageUrl": "https://images.unsplash.com/photo-1532996122724-e3c354a0b15b?w=800&h=600&fit=crop",
    "totalInvested": "4500000.00",
    "peopleCount": 2500000,
    "createdAt": "2025-07-20T20:57:18.547Z",
    "updatedAt": "2025-07-20T20:57:18.547Z",
    "sdg": {
      "id": 11,
      "number": 11,
      "name": "Cidades e Comunidades Sustentáveis",
      "description": "Tornar as cidades e os assentamentos humanos inclusivos, seguros, resilientes e sustentáveis.",
      "color": "#FD9D24",
      "createdAt": "2025-07-14T17:06:22.570Z"
    },
    "updates": [],
    "investments": []
  },
  {
    "id": 15,
    "name": "Empoderamento Feminino Rural",
    "sdgId": 5,
    "description": "Programa de capacitação e microcrédito para mulheres rurais em Malanje, promovendo o empreendedorismo feminino e a independência económica.",
    "imageUrl": "https://images.unsplash.com/photo-1509099836639-18ba1795216d?w=800&h=600&fit=crop",
    "totalInvested": "1200000.00",
    "peopleCount": 3500,
    "createdAt": "2025-07-20T20:57:18.692Z",
    "updatedAt": "2025-07-20T20:57:18.692Z",
    "sdg": {
      "id": 5,
      "number": 5,
      "name": "Igualdade de Gênero",
      "description": "Alcançar a igualdade de gênero e empoderar todas as mulheres e meninas.",
      "color": "#FF3A21",
      "createdAt": "2025-07-14T17:06:22.570Z"
    },
    "updates": [],
    "investments": []
  },
  {
    "id": 17,
    "name": "Combate à Pobreza no Bié",
    "sdgId": 1,
    "description": "Programa integrado de combate à pobreza na província do Bié, incluindo formação profissional, microcrédito e apoio ao empreendedorismo local.",
    "imageUrl": "https://images.unsplash.com/photo-1488521787991-ed7bbaae773c?w=800&h=600&fit=crop",
    "totalInvested": "3500000.00",
    "peopleCount": 22000,
    "createdAt": "2025-07-20T20:57:18.985Z",
    "updatedAt": "2025-07-20T20:57:18.985Z",
    "sdg": {
      "id": 1,
      "number": 1,
      "name": "Erradicação da Pobreza",
      "description": "Acabar com a pobreza em todas as suas formas, em todos os lugares.",
      "color": "#E5243B",
      "createdAt": "2025-07-14T17:06:22.570Z"
    },
    "updates": [],
    "investments": []
  },
  {
    "id": 18,
    "name": "Proteção Marinha em Namibe",
    "sdgId": 14,
    "description": "Criação de área marinha protegida no litoral do Namibe, conservando ecossistemas marinhos e promovendo a pesca sustentável.",
    "imageUrl": "https://images.unsplash.com/photo-1559827260-dc66d52bef19?w=800&h=600&fit=crop",
    "totalInvested": "1900000.00",
    "peopleCount": 8500,
    "createdAt": "2025-07-20T20:57:19.129Z",
    "updatedAt": "2025-07-20T20:57:19.129Z",
    "sdg": {
      "id": 14,
      "number": 14,
      "name": "Vida na Água",
      "description": "Conservação e uso sustentável dos oceanos, dos mares e dos recursos marinhos para o desenvolvimento sustentável.",
      "color": "#0A97D9",
      "createdAt": "2025-07-14T17:06:22.570Z"
    },
    "updates": [],
    "investments": []
  },
  {
    "id": 16,
    "name": "Saúde Materno-Infantil no Cuando Cubango",
    "sdgId": 3,
    "description": "Melhoria dos cuidados de saúde materno-infantil na província do Cuando Cubango, com formação de parteiras e construção de centros de saúde.",
    "imageUrl": "/uploads/projects/image-1753045980398-474016214.jfif",
    "totalInvested": "2800000.00",
    "peopleCount": 18000,
    "createdAt": "2025-07-20T20:57:18.840Z",
    "updatedAt": "2025-07-20T21:13:00.406Z",
    "sdg": {
      "id": 3,
      "number": 3,
      "name": "Saúde e Bem-estar",
      "description": "Assegurar uma vida saudável e promover o bem-estar para todos, em todas as idades.",
      "color": "#4C9F38",
      "createdAt": "2025-07-14T17:06:22.570Z"
    },
    "updates": [],
    "investments": []
  }
]