[
  {
    "id": 1,
    "number": 1,
    "name": "Erradicação da Pobreza",
    "description": "Acabar com a pobreza em todas as suas formas, em todos os lugares.",
    "color": "#E5243B",
    "createdAt": "2025-07-14T17:06:22.570Z"
  },
  {
    "id": 2,
    "number": 2,
    "name": "Fome Zero",
    "description": "Acabar com a fome, alcançar a segurança alimentar e melhoria da nutrição e promover a agricultura sustentável.",
    "color": "#DDA63A",
    "createdAt": "2025-07-14T17:06:22.570Z"
  },
  {
    "id": 3,
    "number": 3,
    "name": "Saúde e Bem-estar",
    "description": "Assegurar uma vida saudável e promover o bem-estar para todos, em todas as idades.",
    "color": "#4C9F38",
    "createdAt": "2025-07-14T17:06:22.570Z"
  },
  {
    "id": 4,
    "number": 4,
    "name": "Educação de Qualidade",
    "description": "Assegurar a educação inclusiva e equitativa e de qualidade, e promover oportunidades de aprendizagem ao longo da vida para todos.",
    "color": "#C5192D",
    "createdAt": "2025-07-14T17:06:22.570Z"
  },
  {
    "id": 5,
    "number": 5,
    "name": "Igualdade de Gênero",
    "description": "Alcançar a igualdade de gênero e empoderar todas as mulheres e meninas.",
    "color": "#FF3A21",
    "createdAt": "2025-07-14T17:06:22.570Z"
  },
  {
    "id": 6,
    "number": 6,
    "name": "Água Potável e Saneamento",
    "description": "Garantir disponibilidade e manejo sustentável da água e saneamento para todos.",
    "color": "#26BDE2",
    "createdAt": "2025-07-14T17:06:22.570Z"
  },
  {
    "id": 7,
    "number": 7,
    "name": "Energia Limpa e Acessível",
    "description": "Garantir acesso à energia barata, confiável, sustentável e renovável para todos.",
    "color": "#FCC30B",
    "createdAt": "2025-07-14T17:06:22.570Z"
  },
  {
    "id": 8,
    "number": 8,
    "name": "Trabalho Decente e Crescimento Econômico",
    "description": "Promover o crescimento econômico sustentado, inclusivo e sustentável, emprego pleno e produtivo, e trabalho decente para todos.",
    "color": "#A21942",
    "createdAt": "2025-07-14T17:06:22.570Z"
  },
  {
    "id": 9,
    "number": 9,
    "name": "Indústria, Inovação e Infraestrutura",
    "description": "Construir infraestrutura resiliente, promover a industrialização inclusiva e sustentável, e fomentar a inovação.",
    "color": "#FD6925",
    "createdAt": "2025-07-14T17:06:22.570Z"
  },
  {
    "id": 10,
    "number": 10,
    "name": "Redução das Desigualdades",
    "description": "Reduzir as desigualdades dentro dos países e entre eles.",
    "color": "#DD1367",
    "createdAt": "2025-07-14T17:06:22.570Z"
  },
  {
    "id": 11,
    "number": 11,
    "name": "Cidades e Comunidades Sustentáveis",
    "description": "Tornar as cidades e os assentamentos humanos inclusivos, seguros, resilientes e sustentáveis.",
    "color": "#FD9D24",
    "createdAt": "2025-07-14T17:06:22.570Z"
  },
  {
    "id": 12,
    "number": 12,
    "name": "Consumo e Produção Responsáveis",
    "description": "Assegurar padrões de produção e de consumo sustentáveis.",
    "color": "#BF8B2E",
    "createdAt": "2025-07-14T17:06:22.570Z"
  },
  {
    "id": 13,
    "number": 13,
    "name": "Ação Contra a Mudança Global do Clima",
    "description": "Tomar medidas urgentes para combater a mudança climática e seus impactos.",
    "color": "#3F7E44",
    "createdAt": "2025-07-14T17:06:22.570Z"
  },
  {
    "id": 14,
    "number": 14,
    "name": "Vida na Água",
    "description": "Conservação e uso sustentável dos oceanos, dos mares e dos recursos marinhos para o desenvolvimento sustentável.",
    "color": "#0A97D9",
    "createdAt": "2025-07-14T17:06:22.570Z"
  },
  {
    "id": 15,
    "number": 15,
    "name": "Vida Terrestre",
    "description": "Proteger, recuperar e promover o uso sustentável dos ecossistemas terrestres, gerir de forma sustentável as florestas, combater a desertificação, deter e reverter a degradação da Terra e deter a perda da biodiversidade.",
    "color": "#56C02B",
    "createdAt": "2025-07-14T17:06:22.570Z"
  },
  {
    "id": 16,
    "number": 16,
    "name": "Paz, Justiça e Instituições Eficazes",
    "description": "Promover sociedades pacíficas e inclusivas para o desenvolvimento sustentável, proporcionar o acesso à justiça para todos e construir instituições eficazes, responsáveis e inclusivas em todos os níveis.",
    "color": "#00689D",
    "createdAt": "2025-07-14T17:06:22.570Z"
  },
  {
    "id": 17,
    "number": 17,
    "name": "Parcerias e Meios de Implementação",
    "description": "Fortalecer os meios de implementação e revitalizar a parceria global para o desenvolvimento sustentável.",
    "color": "#19486A",
    "createdAt": "2025-07-14T17:06:22.570Z"
  }
]