[
  {
    "id": 1,
    "company_id": 1,
    "individual_id": null,
    "consumption_record_id": null,
    "file_url": "/uploads/proofs/investment-proof-1753259667636.pdf",
    "amount": "2500000.00",
    "sdg_id": 1,
    "status": "approved",
    "created_at": "2025-07-23 08:34:27.707615",
    "updated_at": "2025-07-23 08:34:27.707615"
  },
  {
    "id": 2,
    "company_id": 11,
    "individual_id": null,
    "consumption_record_id": null,
    "file_url": "/uploads/proofs/investment-proof-1753259667932.pdf",
    "amount": "1800000.00",
    "sdg_id": 1,
    "status": "approved",
    "created_at": "2025-07-23 08:34:28.010988",
    "updated_at": "2025-07-23 08:34:28.010988"
  },
  {
    "id": 3,
    "company_id": 7,
    "individual_id": null,
    "consumption_record_id": null,
    "file_url": "/uploads/proofs/investment-proof-1753259668230.pdf",
    "amount": "3200000.00",
    "sdg_id": 2,
    "status": "approved",
    "created_at": "2025-07-23 08:34:28.302428",
    "updated_at": "2025-07-23 08:34:28.302428"
  },
  {
    "id": 4,
    "company_id": 3,
    "individual_id": null,
    "consumption_record_id": null,
    "file_url": "/uploads/proofs/investment-proof-1753259668520.pdf",
    "amount": "1500000.00",
    "sdg_id": 2,
    "status": "approved",
    "created_at": "2025-07-23 08:34:28.591932",
    "updated_at": "2025-07-23 08:34:28.591932"
  },
  {
    "id": 5,
    "company_id": 9,
    "individual_id": null,
    "consumption_record_id": null,
    "file_url": "/uploads/proofs/investment-proof-1753259668811.pdf",
    "amount": "2800000.00",
    "sdg_id": 3,
    "status": "approved",
    "created_at": "2025-07-23 08:34:28.883029",
    "updated_at": "2025-07-23 08:34:28.883029"
  },
  {
    "id": 6,
    "company_id": 6,
    "individual_id": null,
    "consumption_record_id": null,
    "file_url": "/uploads/proofs/investment-proof-1753259669101.pdf",
    "amount": "1200000.00",
    "sdg_id": 3,
    "status": "approved",
    "created_at": "2025-07-23 08:34:29.172897",
    "updated_at": "2025-07-23 08:34:29.172897"
  },
  {
    "id": 7,
    "company_id": 2,
    "individual_id": null,
    "consumption_record_id": null,
    "file_url": "/uploads/proofs/investment-proof-1753259669391.pdf",
    "amount": "4500000.00",
    "sdg_id": 4,
    "status": "approved",
    "created_at": "2025-07-23 08:34:29.463815",
    "updated_at": "2025-07-23 08:34:29.463815"
  },
  {
    "id": 8,
    "company_id": 4,
    "individual_id": null,
    "consumption_record_id": null,
    "file_url": "/uploads/proofs/investment-proof-1753259669682.pdf",
    "amount": "2200000.00",
    "sdg_id": 4,
    "status": "approved",
    "created_at": "2025-07-23 08:34:29.754088",
    "updated_at": "2025-07-23 08:34:29.754088"
  },
  {
    "id": 9,
    "company_id": 1,
    "individual_id": null,
    "consumption_record_id": null,
    "file_url": "/uploads/proofs/investment-proof-1753259669973.pdf",
    "amount": "1800000.00",
    "sdg_id": 5,
    "status": "approved",
    "created_at": "2025-07-23 08:34:30.044353",
    "updated_at": "2025-07-23 08:34:30.044353"
  },
  {
    "id": 10,
    "company_id": 3,
    "individual_id": null,
    "consumption_record_id": null,
    "file_url": "/uploads/proofs/investment-proof-1753259670263.pdf",
    "amount": "950000.00",
    "sdg_id": 5,
    "status": "approved",
    "created_at": "2025-07-23 08:34:30.334466",
    "updated_at": "2025-07-23 08:34:30.334466"
  },
  {
    "id": 11,
    "company_id": 11,
    "individual_id": null,
    "consumption_record_id": null,
    "file_url": "/uploads/proofs/investment-proof-1753259670553.pdf",
    "amount": "3800000.00",
    "sdg_id": 6,
    "status": "approved",
    "created_at": "2025-07-23 08:34:30.625469",
    "updated_at": "2025-07-23 08:34:30.625469"
  },
  {
    "id": 12,
    "company_id": 1,
    "individual_id": null,
    "consumption_record_id": null,
    "file_url": "/uploads/proofs/investment-proof-1753259670844.pdf",
    "amount": "2520000.00",
    "sdg_id": 6,
    "status": "approved",
    "created_at": "2025-07-23 08:34:30.915591",
    "updated_at": "2025-07-23 08:34:30.915591"
  },
  {
    "id": 13,
    "company_id": 2,
    "individual_id": null,
    "consumption_record_id": null,
    "file_url": "/uploads/proofs/investment-proof-1753259671135.pdf",
    "amount": "5200000.00",
    "sdg_id": 7,
    "status": "approved",
    "created_at": "2025-07-23 08:34:31.206944",
    "updated_at": "2025-07-23 08:34:31.206944"
  },
  {
    "id": 14,
    "company_id": 5,
    "individual_id": null,
    "consumption_record_id": null,
    "file_url": "/uploads/proofs/investment-proof-1753259671424.pdf",
    "amount": "3550000.00",
    "sdg_id": 7,
    "status": "approved",
    "created_at": "2025-07-23 08:34:31.496282",
    "updated_at": "2025-07-23 08:34:31.496282"
  },
  {
    "id": 15,
    "company_id": 4,
    "individual_id": null,
    "consumption_record_id": null,
    "file_url": "/uploads/proofs/investment-proof-1753259671714.pdf",
    "amount": "4200000.00",
    "sdg_id": 8,
    "status": "approved",
    "created_at": "2025-07-23 08:34:31.785498",
    "updated_at": "2025-07-23 08:34:31.785498"
  },
  {
    "id": 16,
    "company_id": 6,
    "individual_id": null,
    "consumption_record_id": null,
    "file_url": "/uploads/proofs/investment-proof-1753259672004.pdf",
    "amount": "2800000.00",
    "sdg_id": 8,
    "status": "approved",
    "created_at": "2025-07-23 08:34:32.075958",
    "updated_at": "2025-07-23 08:34:32.075958"
  },
  {
    "id": 17,
    "company_id": 2,
    "individual_id": null,
    "consumption_record_id": null,
    "file_url": "/uploads/proofs/investment-proof-1753259672293.pdf",
    "amount": "6500000.00",
    "sdg_id": 9,
    "status": "approved",
    "created_at": "2025-07-23 08:34:32.36493",
    "updated_at": "2025-07-23 08:34:32.36493"
  },
  {
    "id": 18,
    "company_id": 8,
    "individual_id": null,
    "consumption_record_id": null,
    "file_url": "/uploads/proofs/investment-proof-1753259672582.pdf",
    "amount": "3200000.00",
    "sdg_id": 9,
    "status": "approved",
    "created_at": "2025-07-23 08:34:32.65606",
    "updated_at": "2025-07-23 08:34:32.65606"
  },
  {
    "id": 19,
    "company_id": 1,
    "individual_id": null,
    "consumption_record_id": null,
    "file_url": "/uploads/proofs/investment-proof-1753259672875.pdf",
    "amount": "2800000.00",
    "sdg_id": 10,
    "status": "approved",
    "created_at": "2025-07-23 08:34:32.947092",
    "updated_at": "2025-07-23 08:34:32.947092"
  },
  {
    "id": 20,
    "company_id": 11,
    "individual_id": null,
    "consumption_record_id": null,
    "file_url": "/uploads/proofs/investment-proof-1753259673166.pdf",
    "amount": "1600000.00",
    "sdg_id": 10,
    "status": "approved",
    "created_at": "2025-07-23 08:34:33.23777",
    "updated_at": "2025-07-23 08:34:33.23777"
  },
  {
    "id": 21,
    "company_id": 4,
    "individual_id": null,
    "consumption_record_id": null,
    "file_url": "/uploads/proofs/investment-proof-1753259673465.pdf",
    "amount": "3500000.00",
    "sdg_id": 11,
    "status": "approved",
    "created_at": "2025-07-23 08:34:33.536792",
    "updated_at": "2025-07-23 08:34:33.536792"
  },
  {
    "id": 22,
    "company_id": 3,
    "individual_id": null,
    "consumption_record_id": null,
    "file_url": "/uploads/proofs/investment-proof-1753259673756.pdf",
    "amount": "1800000.00",
    "sdg_id": 11,
    "status": "approved",
    "created_at": "2025-07-23 08:34:33.82757",
    "updated_at": "2025-07-23 08:34:33.82757"
  },
  {
    "id": 23,
    "company_id": 6,
    "individual_id": null,
    "consumption_record_id": null,
    "file_url": "/uploads/proofs/investment-proof-1753259674046.pdf",
    "amount": "2200000.00",
    "sdg_id": 12,
    "status": "approved",
    "created_at": "2025-07-23 08:34:34.117982",
    "updated_at": "2025-07-23 08:34:34.117982"
  },
  {
    "id": 24,
    "company_id": 9,
    "individual_id": null,
    "consumption_record_id": null,
    "file_url": "/uploads/proofs/investment-proof-1753259674341.pdf",
    "amount": "1900000.00",
    "sdg_id": 12,
    "status": "approved",
    "created_at": "2025-07-23 08:34:34.412941",
    "updated_at": "2025-07-23 08:34:34.412941"
  },
  {
    "id": 25,
    "company_id": 7,
    "individual_id": null,
    "consumption_record_id": null,
    "file_url": "/uploads/proofs/investment-proof-1753259674631.pdf",
    "amount": "4800000.00",
    "sdg_id": 13,
    "status": "approved",
    "created_at": "2025-07-23 08:34:34.702894",
    "updated_at": "2025-07-23 08:34:34.702894"
  },
  {
    "id": 26,
    "company_id": 2,
    "individual_id": null,
    "consumption_record_id": null,
    "file_url": "/uploads/proofs/investment-proof-1753259674921.pdf",
    "amount": "3200000.00",
    "sdg_id": 13,
    "status": "approved",
    "created_at": "2025-07-23 08:34:34.993218",
    "updated_at": "2025-07-23 08:34:34.993218"
  },
  {
    "id": 27,
    "company_id": 10,
    "individual_id": null,
    "consumption_record_id": null,
    "file_url": "/uploads/proofs/investment-proof-1753259675211.pdf",
    "amount": "2800000.00",
    "sdg_id": 14,
    "status": "approved",
    "created_at": "2025-07-23 08:34:35.283069",
    "updated_at": "2025-07-23 08:34:35.283069"
  },
  {
    "id": 28,
    "company_id": 11,
    "individual_id": null,
    "consumption_record_id": null,
    "file_url": "/uploads/proofs/investment-proof-1753259675501.pdf",
    "amount": "2100000.00",
    "sdg_id": 14,
    "status": "approved",
    "created_at": "2025-07-23 08:34:35.573493",
    "updated_at": "2025-07-23 08:34:35.573493"
  },
  {
    "id": 29,
    "company_id": 7,
    "individual_id": null,
    "consumption_record_id": null,
    "file_url": "/uploads/proofs/investment-proof-1753259675795.pdf",
    "amount": "8500000.00",
    "sdg_id": 15,
    "status": "approved",
    "created_at": "2025-07-23 08:34:35.866279",
    "updated_at": "2025-07-23 08:34:35.866279"
  },
  {
    "id": 30,
    "company_id": 9,
    "individual_id": null,
    "consumption_record_id": null,
    "file_url": "/uploads/proofs/investment-proof-1753259676084.pdf",
    "amount": "4000000.00",
    "sdg_id": 15,
    "status": "approved",
    "created_at": "2025-07-23 08:34:36.155147",
    "updated_at": "2025-07-23 08:34:36.155147"
  },
  {
    "id": 31,
    "company_id": 11,
    "individual_id": null,
    "consumption_record_id": null,
    "file_url": "/uploads/proofs/investment-proof-1753259676374.pdf",
    "amount": "5200000.00",
    "sdg_id": 16,
    "status": "approved",
    "created_at": "2025-07-23 08:34:36.447082",
    "updated_at": "2025-07-23 08:34:36.447082"
  },
  {
    "id": 32,
    "company_id": 1,
    "individual_id": null,
    "consumption_record_id": null,
    "file_url": "/uploads/proofs/investment-proof-1753259676664.pdf",
    "amount": "2800000.00",
    "sdg_id": 16,
    "status": "approved",
    "created_at": "2025-07-23 08:34:36.736146",
    "updated_at": "2025-07-23 08:34:36.736146"
  },
  {
    "id": 33,
    "company_id": 1,
    "individual_id": null,
    "consumption_record_id": null,
    "file_url": "/uploads/proofs/investment-proof-1753259676954.pdf",
    "amount": "3800000.00",
    "sdg_id": 17,
    "status": "approved",
    "created_at": "2025-07-23 08:34:37.025432",
    "updated_at": "2025-07-23 08:34:37.025432"
  },
  {
    "id": 34,
    "company_id": 2,
    "individual_id": null,
    "consumption_record_id": null,
    "file_url": "/uploads/proofs/investment-proof-1753259677243.pdf",
    "amount": "2500000.00",
    "sdg_id": 17,
    "status": "approved",
    "created_at": "2025-07-23 08:34:37.317381",
    "updated_at": "2025-07-23 08:34:37.317381"
  },
  {
    "id": 35,
    "company_id": 8,
    "individual_id": null,
    "consumption_record_id": null,
    "file_url": "/uploads/proofs/investment-proof-1753259677535.pdf",
    "amount": "1800000.00",
    "sdg_id": 17,
    "status": "approved",
    "created_at": "2025-07-23 08:34:37.607374",
    "updated_at": "2025-07-23 08:34:37.607374"
  },
  {
    "id": 36,
    "company_id": 11,
    "individual_id": null,
    "consumption_record_id": 9,
    "file_url": "/uploads/payment-proofs/proof-inapem-jan2025.jpg",
    "amount": "468750.00",
    "sdg_id": 7,
    "status": "approved",
    "created_at": "2025-07-23 19:33:25.189058",
    "updated_at": "2025-07-23 19:33:25.189058"
  },
  {
    "id": 37,
    "company_id": 11,
    "individual_id": null,
    "consumption_record_id": 10,
    "file_url": "/uploads/payment-proofs/proof-inapem-dec2024.jpg",
    "amount": "405125.00",
    "sdg_id": 13,
    "status": "approved",
    "created_at": "2025-07-23 19:33:25.189058",
    "updated_at": "2025-07-23 19:33:25.189058"
  }
]