{
  "version": "2.0.0",
  "timestamp": "2025-07-20T13:33:45.303Z",
  "description": "TESTE",
  "fileCount": 0,
  "totalSize": 0,
  "sdgImagesUrls": {
    "1": "https://th.bing.com/th/id/R.e450166479d03cfb325dd75b19af094e?rik=idy70PFGT0R9Ig&pid=ImgRaw&r=0",
    "2": "https://th.bing.com/th/id/OIP.oaFy_ZF8rMobDNAQefPEMwHaHa?rs=1&pid=ImgDetMain",
    "3": "https://th.bing.com/th/id/OIP.y4kQwPfXldkP0Sl_vas4YgHaHa?w=1024&h=1024&rs=1&pid=ImgDetMain",
    "4": "https://www.atlasodsamazonas.ufam.edu.br/images/SDG-icon-PT-04.jpg",
    "5": "https://th.bing.com/th/id/R.da468d5af7524497df187803fe0cae70?rik=5bkwuaNWDZB0xw&riu=http%3a%2f%2fwww.fiepr.org.br%2fnospodemosparana%2fdbimages%2f165839.img&ehk=Pz8eF2%2fpyco9Vo%2f2nhqn1LePL%2bA9E5vlgHXfHjs3ZGc%3d&risl=&pid=ImgRaw&r=0",
    "6": "https://www.researchgate.net/publication/332105058/figure/fig1/AS:742498821484544@1554036922168/Figura-2-Icone-do-ODS-6_Q320.jpg",
    "7": "https://th.bing.com/th/id/R.82b241e50d1b45b63ffd8de1c3c533f5?rik=8IWQk1ZIRjAYMw&riu=http%3a%2f%2fwww4.planalto.gov.br%2fods%2fobjetivos-de-desenvolvimento-sustentavel%2f7-energia-acessivel-e-limpa%2f7.png&ehk=2Cx1gE6R73fSslp%2bhUHnrc2oDBXcnvzFiwq0ocxDfoE%3d&risl=&pid=ImgRaw&r=0&sres=1&sresct=1",
    "8": "https://th.bing.com/th/id/OIP.SfkeHcHVpu58f56QvSodSAAAAA?rs=1&pid=ImgDetMain",
    "9": "https://th.bing.com/th/id/OIP.5n2ruG52gTFcl8z-2ulmpgHaHa?w=1772&h=1772&rs=1&pid=ImgDetMain",
    "10": "https://ods.ine.gov.ao/img/team/ods10.png",
    "11": "https://th.bing.com/th/id/OIP.TVr4hHLupfkGk14Md1GO_gHaHa?rs=1&pid=ImgDetMain",
    "12": "https://www.terceiravia.org.br/wp-content/uploads/2020/11/ODS-12-2.png",
    "13": "https://th.bing.com/th/id/OIP.JzbOWgHb5CgDVht4MUf37wHaHa?rs=1&pid=ImgDetMain",
    "14": "https://th.bing.com/th/id/OIP.jdsJOCu9dLeAdGrpgeQ10wAAAA?w=466&h=466&rs=1&pid=ImgDetMain",
    "15": "https://www.iberdrola.com/wcorp/gc/prod/es_ES/estaticos/ods-general/images/ico-ODS15-PT.png",
    "16": "https://th.bing.com/th/id/OIP.vFknArfBQbEM6VaJOf3cIQHaHa?w=1024&h=1024&rs=1&pid=ImgDetMain",
    "17": "https://th.bing.com/th/id/R.58589445ff5b3b737b0b7eabe2b4b601?rik=J1ybA5uwzTXDjg&riu=http%3a%2f%2fwww4.planalto.gov.br%2fods%2f17.png%2f%40%40images%2f35114d8b-1583-4660-90d4-1c6dca011b0f.png&ehk=GNtvTkjnrkn5JQa9CzZp7ejSfGCovMcO5WqMgQ9Ds8c%3d&risl=&pid=ImgRaw&r=0"
  },
  "databaseSchema": "Drizzle ORM - Ver shared/schema.ts",
  "systemFiles": [
    "package.json",
    "package-lock.json",
    "tsconfig.json",
    "vite.config.ts",
    "tailwind.config.ts",
    "drizzle.config.ts",
    "replit.md",
    "REPLIT_KEEP_ALIVE_GUIDE.md"
  ],
  "configFiles": [
    ".replit",
    ".env.example",
    "shared/schema.ts",
    "server/index.ts",
    "server/routes.ts",
    "server/auth.ts"
  ],
  "dependencies": {
    "@hookform/resolvers": "^3.9.1",
    "@jridgewell/trace-mapping": "^0.3.25",
    "@neondatabase/serverless": "^0.10.4",
    "@radix-ui/react-accordion": "^1.2.1",
    "@radix-ui/react-alert-dialog": "^1.1.2",
    "@radix-ui/react-aspect-ratio": "^1.1.0",
    "@radix-ui/react-avatar": "^1.1.1",
    "@radix-ui/react-checkbox": "^1.1.2",
    "@radix-ui/react-collapsible": "^1.1.1",
    "@radix-ui/react-context-menu": "^2.2.2",
    "@radix-ui/react-dialog": "^1.1.2",
    "@radix-ui/react-dropdown-menu": "^2.1.2",
    "@radix-ui/react-hover-card": "^1.1.2",
    "@radix-ui/react-label": "^2.1.0",
    "@radix-ui/react-menubar": "^1.1.2",
    "@radix-ui/react-navigation-menu": "^1.2.1",
    "@radix-ui/react-popover": "^1.1.2",
    "@radix-ui/react-progress": "^1.1.0",
    "@radix-ui/react-radio-group": "^1.2.1",
    "@radix-ui/react-scroll-area": "^1.2.0",
    "@radix-ui/react-select": "^2.1.2",
    "@radix-ui/react-separator": "^1.1.0",
    "@radix-ui/react-slider": "^1.2.1",
    "@radix-ui/react-slot": "^1.1.0",
    "@radix-ui/react-switch": "^1.1.1",
    "@radix-ui/react-tabs": "^1.1.1",
    "@radix-ui/react-toast": "^1.2.2",
    "@radix-ui/react-toggle": "^1.1.0",
    "@radix-ui/react-toggle-group": "^1.1.0",
    "@radix-ui/react-tooltip": "^1.1.3",
    "@replit/vite-plugin-cartographer": "^0.2.7",
    "@replit/vite-plugin-shadcn-theme-json": "^0.0.4",
    "@tanstack/react-query": "^5.60.5",
    "@types/archiver": "^6.0.3",
    "@types/bcryptjs": "^2.4.6",
    "@types/memoizee": "^0.4.12",
    "@types/multer": "^1.4.12",
    "archiver": "^7.0.1",
    "bcryptjs": "^3.0.2",
    "class-variance-authority": "^0.7.0",
    "clsx": "^2.1.1",
    "cmdk": "^1.0.0",
    "compression": "^1.8.0",
    "connect-pg-simple": "^10.0.0",
    "date-fns": "^3.6.0",
    "drizzle-orm": "^0.38.4",
    "drizzle-seed": "^0.3.1",
    "drizzle-zod": "^0.6.0",
    "express": "^4.21.2",
    "express-session": "^1.18.1",
    "framer-motion": "^11.18.2",
    "input-otp": "^1.2.4",
    "lucide-react": "^0.453.0",
    "memoizee": "^0.4.17",
    "multer": "^1.4.5-lts.2",
    "openid-client": "^6.5.0",
    "passport": "^0.7.0",
    "passport-local": "^1.0.0",
    "pg": "^8.16.0",
    "react": "^18.3.1",
    "react-day-picker": "^8.10.1",
    "react-dom": "^18.3.1",
    "react-hook-form": "^7.53.1",
    "react-icons": "^5.4.0",
    "react-resizable-panels": "^2.1.4",
    "recharts": "^2.13.0",
    "tailwind-merge": "^2.5.4",
    "tailwindcss-animate": "^1.0.7",
    "vaul": "^1.1.0",
    "wouter": "^3.3.5",
    "ws": "^8.18.0",
    "zod": "^3.23.8",
    "zod-validation-error": "^3.4.0",
    "@replit/vite-plugin-runtime-error-modal": "^0.0.3",
    "@tailwindcss/typography": "^0.5.15",
    "@types/connect-pg-simple": "^7.0.3",
    "@types/express": "4.17.21",
    "@types/express-session": "^1.18.0",
    "@types/node": "20.16.11",
    "@types/passport": "^1.0.16",
    "@types/passport-local": "^1.0.38",
    "@types/react": "^18.3.11",
    "@types/react-dom": "^18.3.1",
    "@types/ws": "^8.5.13",
    "@vitejs/plugin-react": "^4.3.2",
    "autoprefixer": "^10.4.20",
    "drizzle-kit": "^0.27.1",
    "esbuild": "^0.24.0",
    "postcss": "^8.4.47",
    "tailwindcss": "^3.4.14",
    "tsx": "^4.19.1",
    "typescript": "5.6.3",
    "vite": "^5.4.9"
  }
}