[
  {
    "id": 1,
    "company_id": 1,
    "individual_id": null,
    "project_id": 1,
    "payment_proof_id": 1,
    "amount": "2500000.00",
    "created_at": "2025-07-22 10:01:26.354531"
  },
  {
    "id": 2,
    "company_id": 11,
    "individual_id": null,
    "project_id": 1,
    "payment_proof_id": 2,
    "amount": "1800000.00",
    "created_at": "2025-07-22 10:01:26.581037"
  },
  {
    "id": 3,
    "company_id": 7,
    "individual_id": null,
    "project_id": 1,
    "payment_proof_id": 3,
    "amount": "3200000.00",
    "created_at": "2025-07-22 10:01:26.806251"
  },
  {
    "id": 4,
    "company_id": 3,
    "individual_id": null,
    "project_id": 1,
    "payment_proof_id": 4,
    "amount": "1500000.00",
    "created_at": "2025-07-22 10:01:27.030537"
  },
  {
    "id": 5,
    "company_id": 9,
    "individual_id": null,
    "project_id": 1,
    "payment_proof_id": 5,
    "amount": "2800000.00",
    "created_at": "2025-07-22 10:01:27.255894"
  },
  {
    "id": 6,
    "company_id": 6,
    "individual_id": null,
    "project_id": 1,
    "payment_proof_id": 6,
    "amount": "1200000.00",
    "created_at": "2025-07-22 10:01:27.481326"
  },
  {
    "id": 7,
    "company_id": 2,
    "individual_id": null,
    "project_id": 1,
    "payment_proof_id": 7,
    "amount": "4500000.00",
    "created_at": "2025-07-22 10:01:27.705627"
  },
  {
    "id": 8,
    "company_id": 4,
    "individual_id": null,
    "project_id": 1,
    "payment_proof_id": 8,
    "amount": "2200000.00",
    "created_at": "2025-07-22 10:01:27.930315"
  },
  {
    "id": 9,
    "company_id": 1,
    "individual_id": null,
    "project_id": 1,
    "payment_proof_id": 9,
    "amount": "1800000.00",
    "created_at": "2025-07-22 10:01:28.154434"
  },
  {
    "id": 10,
    "company_id": 3,
    "individual_id": null,
    "project_id": 1,
    "payment_proof_id": 10,
    "amount": "950000.00",
    "created_at": "2025-07-22 10:01:28.379882"
  },
  {
    "id": 11,
    "company_id": 11,
    "individual_id": null,
    "project_id": 3,
    "payment_proof_id": 11,
    "amount": "3800000.00",
    "created_at": "2025-07-22 10:01:28.604189"
  },
  {
    "id": 12,
    "company_id": 1,
    "individual_id": null,
    "project_id": 3,
    "payment_proof_id": 12,
    "amount": "2520000.00",
    "created_at": "2025-07-22 10:01:28.830346"
  },
  {
    "id": 13,
    "company_id": 2,
    "individual_id": null,
    "project_id": 2,
    "payment_proof_id": 13,
    "amount": "5200000.00",
    "created_at": "2025-07-22 10:01:29.05534"
  },
  {
    "id": 14,
    "company_id": 5,
    "individual_id": null,
    "project_id": 2,
    "payment_proof_id": 14,
    "amount": "3550000.00",
    "created_at": "2025-07-22 10:01:29.27941"
  },
  {
    "id": 15,
    "company_id": 4,
    "individual_id": null,
    "project_id": 1,
    "payment_proof_id": 15,
    "amount": "4200000.00",
    "created_at": "2025-07-22 10:01:29.503945"
  },
  {
    "id": 16,
    "company_id": 6,
    "individual_id": null,
    "project_id": 1,
    "payment_proof_id": 16,
    "amount": "2800000.00",
    "created_at": "2025-07-22 10:01:29.728369"
  },
  {
    "id": 17,
    "company_id": 2,
    "individual_id": null,
    "project_id": 1,
    "payment_proof_id": 17,
    "amount": "6500000.00",
    "created_at": "2025-07-22 10:01:29.955669"
  },
  {
    "id": 18,
    "company_id": 8,
    "individual_id": null,
    "project_id": 1,
    "payment_proof_id": 18,
    "amount": "3200000.00",
    "created_at": "2025-07-22 10:01:30.180705"
  },
  {
    "id": 19,
    "company_id": 1,
    "individual_id": null,
    "project_id": 1,
    "payment_proof_id": 19,
    "amount": "2800000.00",
    "created_at": "2025-07-22 10:01:30.407768"
  },
  {
    "id": 20,
    "company_id": 11,
    "individual_id": null,
    "project_id": 1,
    "payment_proof_id": 20,
    "amount": "1600000.00",
    "created_at": "2025-07-22 10:01:30.631957"
  },
  {
    "id": 21,
    "company_id": 4,
    "individual_id": null,
    "project_id": 1,
    "payment_proof_id": 21,
    "amount": "3500000.00",
    "created_at": "2025-07-22 10:01:30.85629"
  },
  {
    "id": 22,
    "company_id": 3,
    "individual_id": null,
    "project_id": 1,
    "payment_proof_id": 22,
    "amount": "1800000.00",
    "created_at": "2025-07-22 10:01:31.080764"
  },
  {
    "id": 23,
    "company_id": 6,
    "individual_id": null,
    "project_id": 1,
    "payment_proof_id": 23,
    "amount": "2200000.00",
    "created_at": "2025-07-22 10:01:31.304453"
  },
  {
    "id": 24,
    "company_id": 9,
    "individual_id": null,
    "project_id": 1,
    "payment_proof_id": 24,
    "amount": "1900000.00",
    "created_at": "2025-07-22 10:01:31.528654"
  },
  {
    "id": 25,
    "company_id": 7,
    "individual_id": null,
    "project_id": 1,
    "payment_proof_id": 25,
    "amount": "4800000.00",
    "created_at": "2025-07-22 10:01:31.754096"
  },
  {
    "id": 26,
    "company_id": 2,
    "individual_id": null,
    "project_id": 1,
    "payment_proof_id": 26,
    "amount": "3200000.00",
    "created_at": "2025-07-22 10:01:31.978171"
  },
  {
    "id": 27,
    "company_id": 10,
    "individual_id": null,
    "project_id": 1,
    "payment_proof_id": 27,
    "amount": "2800000.00",
    "created_at": "2025-07-22 10:01:32.202295"
  },
  {
    "id": 28,
    "company_id": 11,
    "individual_id": null,
    "project_id": 1,
    "payment_proof_id": 28,
    "amount": "2100000.00",
    "created_at": "2025-07-22 10:01:32.426154"
  },
  {
    "id": 29,
    "company_id": 7,
    "individual_id": null,
    "project_id": 1,
    "payment_proof_id": 29,
    "amount": "8500000.00",
    "created_at": "2025-07-22 10:01:32.650337"
  },
  {
    "id": 30,
    "company_id": 9,
    "individual_id": null,
    "project_id": 1,
    "payment_proof_id": 30,
    "amount": "4000000.00",
    "created_at": "2025-07-22 10:01:32.874648"
  },
  {
    "id": 31,
    "company_id": 11,
    "individual_id": null,
    "project_id": 1,
    "payment_proof_id": 31,
    "amount": "5200000.00",
    "created_at": "2025-07-22 10:01:33.098413"
  },
  {
    "id": 32,
    "company_id": 1,
    "individual_id": null,
    "project_id": 1,
    "payment_proof_id": 32,
    "amount": "2800000.00",
    "created_at": "2025-07-22 10:01:33.323177"
  },
  {
    "id": 33,
    "company_id": 1,
    "individual_id": null,
    "project_id": 1,
    "payment_proof_id": 33,
    "amount": "3800000.00",
    "created_at": "2025-07-22 10:01:33.547281"
  },
  {
    "id": 34,
    "company_id": 2,
    "individual_id": null,
    "project_id": 1,
    "payment_proof_id": 34,
    "amount": "2500000.00",
    "created_at": "2025-07-22 10:01:33.772329"
  },
  {
    "id": 35,
    "company_id": 8,
    "individual_id": null,
    "project_id": 1,
    "payment_proof_id": 35,
    "amount": "1800000.00",
    "created_at": "2025-07-22 10:01:33.997052"
  }
]