[
  {
    "id": 1,
    "company_id": 1,
    "individual_id": null,
    "project_id": 1,
    "payment_proof_id": 1,
    "amount": "2500000.00",
    "created_at": "2025-07-23 08:34:27.85554"
  },
  {
    "id": 2,
    "company_id": 11,
    "individual_id": null,
    "project_id": 1,
    "payment_proof_id": 2,
    "amount": "1800000.00",
    "created_at": "2025-07-23 08:34:28.156201"
  },
  {
    "id": 3,
    "company_id": 7,
    "individual_id": null,
    "project_id": 1,
    "payment_proof_id": 3,
    "amount": "3200000.00",
    "created_at": "2025-07-23 08:34:28.446953"
  },
  {
    "id": 4,
    "company_id": 3,
    "individual_id": null,
    "project_id": 1,
    "payment_proof_id": 4,
    "amount": "1500000.00",
    "created_at": "2025-07-23 08:34:28.736753"
  },
  {
    "id": 5,
    "company_id": 9,
    "individual_id": null,
    "project_id": 1,
    "payment_proof_id": 5,
    "amount": "2800000.00",
    "created_at": "2025-07-23 08:34:29.027768"
  },
  {
    "id": 6,
    "company_id": 6,
    "individual_id": null,
    "project_id": 1,
    "payment_proof_id": 6,
    "amount": "1200000.00",
    "created_at": "2025-07-23 08:34:29.31782"
  },
  {
    "id": 7,
    "company_id": 2,
    "individual_id": null,
    "project_id": 1,
    "payment_proof_id": 7,
    "amount": "4500000.00",
    "created_at": "2025-07-23 08:34:29.608902"
  },
  {
    "id": 8,
    "company_id": 4,
    "individual_id": null,
    "project_id": 1,
    "payment_proof_id": 8,
    "amount": "2200000.00",
    "created_at": "2025-07-23 08:34:29.899677"
  },
  {
    "id": 9,
    "company_id": 1,
    "individual_id": null,
    "project_id": 1,
    "payment_proof_id": 9,
    "amount": "1800000.00",
    "created_at": "2025-07-23 08:34:30.189542"
  },
  {
    "id": 10,
    "company_id": 3,
    "individual_id": null,
    "project_id": 1,
    "payment_proof_id": 10,
    "amount": "950000.00",
    "created_at": "2025-07-23 08:34:30.479567"
  },
  {
    "id": 11,
    "company_id": 11,
    "individual_id": null,
    "project_id": 3,
    "payment_proof_id": 11,
    "amount": "3800000.00",
    "created_at": "2025-07-23 08:34:30.770624"
  },
  {
    "id": 12,
    "company_id": 1,
    "individual_id": null,
    "project_id": 3,
    "payment_proof_id": 12,
    "amount": "2520000.00",
    "created_at": "2025-07-23 08:34:31.062055"
  },
  {
    "id": 13,
    "company_id": 2,
    "individual_id": null,
    "project_id": 2,
    "payment_proof_id": 13,
    "amount": "5200000.00",
    "created_at": "2025-07-23 08:34:31.351489"
  },
  {
    "id": 14,
    "company_id": 5,
    "individual_id": null,
    "project_id": 2,
    "payment_proof_id": 14,
    "amount": "3550000.00",
    "created_at": "2025-07-23 08:34:31.640852"
  },
  {
    "id": 15,
    "company_id": 4,
    "individual_id": null,
    "project_id": 1,
    "payment_proof_id": 15,
    "amount": "4200000.00",
    "created_at": "2025-07-23 08:34:31.930787"
  },
  {
    "id": 16,
    "company_id": 6,
    "individual_id": null,
    "project_id": 1,
    "payment_proof_id": 16,
    "amount": "2800000.00",
    "created_at": "2025-07-23 08:34:32.220604"
  },
  {
    "id": 17,
    "company_id": 2,
    "individual_id": null,
    "project_id": 1,
    "payment_proof_id": 17,
    "amount": "6500000.00",
    "created_at": "2025-07-23 08:34:32.509567"
  },
  {
    "id": 18,
    "company_id": 8,
    "individual_id": null,
    "project_id": 1,
    "payment_proof_id": 18,
    "amount": "3200000.00",
    "created_at": "2025-07-23 08:34:32.801679"
  },
  {
    "id": 19,
    "company_id": 1,
    "individual_id": null,
    "project_id": 1,
    "payment_proof_id": 19,
    "amount": "2800000.00",
    "created_at": "2025-07-23 08:34:33.092484"
  },
  {
    "id": 20,
    "company_id": 11,
    "individual_id": null,
    "project_id": 1,
    "payment_proof_id": 20,
    "amount": "1600000.00",
    "created_at": "2025-07-23 08:34:33.392019"
  },
  {
    "id": 21,
    "company_id": 4,
    "individual_id": null,
    "project_id": 1,
    "payment_proof_id": 21,
    "amount": "3500000.00",
    "created_at": "2025-07-23 08:34:33.682899"
  },
  {
    "id": 22,
    "company_id": 3,
    "individual_id": null,
    "project_id": 1,
    "payment_proof_id": 22,
    "amount": "1800000.00",
    "created_at": "2025-07-23 08:34:33.972489"
  },
  {
    "id": 23,
    "company_id": 6,
    "individual_id": null,
    "project_id": 1,
    "payment_proof_id": 23,
    "amount": "2200000.00",
    "created_at": "2025-07-23 08:34:34.263164"
  },
  {
    "id": 24,
    "company_id": 9,
    "individual_id": null,
    "project_id": 1,
    "payment_proof_id": 24,
    "amount": "1900000.00",
    "created_at": "2025-07-23 08:34:34.557745"
  },
  {
    "id": 25,
    "company_id": 7,
    "individual_id": null,
    "project_id": 1,
    "payment_proof_id": 25,
    "amount": "4800000.00",
    "created_at": "2025-07-23 08:34:34.847642"
  },
  {
    "id": 26,
    "company_id": 2,
    "individual_id": null,
    "project_id": 1,
    "payment_proof_id": 26,
    "amount": "3200000.00",
    "created_at": "2025-07-23 08:34:35.137828"
  },
  {
    "id": 27,
    "company_id": 10,
    "individual_id": null,
    "project_id": 1,
    "payment_proof_id": 27,
    "amount": "2800000.00",
    "created_at": "2025-07-23 08:34:35.427833"
  },
  {
    "id": 28,
    "company_id": 11,
    "individual_id": null,
    "project_id": 1,
    "payment_proof_id": 28,
    "amount": "2100000.00",
    "created_at": "2025-07-23 08:34:35.721213"
  },
  {
    "id": 29,
    "company_id": 7,
    "individual_id": null,
    "project_id": 1,
    "payment_proof_id": 29,
    "amount": "8500000.00",
    "created_at": "2025-07-23 08:34:36.010923"
  },
  {
    "id": 30,
    "company_id": 9,
    "individual_id": null,
    "project_id": 1,
    "payment_proof_id": 30,
    "amount": "4000000.00",
    "created_at": "2025-07-23 08:34:36.301162"
  },
  {
    "id": 31,
    "company_id": 11,
    "individual_id": null,
    "project_id": 1,
    "payment_proof_id": 31,
    "amount": "5200000.00",
    "created_at": "2025-07-23 08:34:36.591681"
  },
  {
    "id": 32,
    "company_id": 1,
    "individual_id": null,
    "project_id": 1,
    "payment_proof_id": 32,
    "amount": "2800000.00",
    "created_at": "2025-07-23 08:34:36.880872"
  },
  {
    "id": 33,
    "company_id": 1,
    "individual_id": null,
    "project_id": 1,
    "payment_proof_id": 33,
    "amount": "3800000.00",
    "created_at": "2025-07-23 08:34:37.169986"
  },
  {
    "id": 34,
    "company_id": 2,
    "individual_id": null,
    "project_id": 1,
    "payment_proof_id": 34,
    "amount": "2500000.00",
    "created_at": "2025-07-23 08:34:37.462251"
  },
  {
    "id": 35,
    "company_id": 8,
    "individual_id": null,
    "project_id": 1,
    "payment_proof_id": 35,
    "amount": "1800000.00",
    "created_at": "2025-07-23 08:34:37.755565"
  }
]