[
  {
    "id": 1,
    "user_id": 2,
    "name": "Banco de Fomento Angola (BFA)",
    "sector": "Serviços Financeiros",
    "logo_url": "/api/logo/bfa",
    "phone": null,
    "location": null,
    "employee_count": null,
    "created_at": "2025-10-11 10:48:40.916307",
    "updated_at": "2025-10-11 10:50:01.283"
  },
  {
    "id": 2,
    "user_id": 3,
    "name": "Angola Cables",
    "sector": "Telecomunicações",
    "logo_url": "/api/logo/angola-cables",
    "phone": null,
    "location": null,
    "employee_count": null,
    "created_at": "2025-10-11 10:48:40.95064",
    "updated_at": "2025-10-11 10:50:01.322"
  },
  {
    "id": 3,
    "user_id": 4,
    "name": "Kero Supermercados",
    "sector": "Varejo / Supermercados",
    "logo_url": "/api/logo/kero",
    "phone": null,
    "location": null,
    "employee_count": null,
    "created_at": "2025-10-11 10:48:40.982107",
    "updated_at": "2025-10-11 10:50:01.358"
  },
  {
    "id": 4,
    "user_id": 5,
    "name": "TAAG Angola Airlines",
    "sector": "Aviação",
    "logo_url": "/api/logo/taag",
    "phone": null,
    "location": null,
    "employee_count": null,
    "created_at": "2025-10-11 10:48:41.013702",
    "updated_at": "2025-10-11 10:50:01.392"
  },
  {
    "id": 5,
    "user_id": 6,
    "name": "Movicel",
    "sector": "Telecomunicações",
    "logo_url": "/api/logo/movicel",
    "phone": null,
    "location": null,
    "employee_count": null,
    "created_at": "2025-10-11 10:48:41.045592",
    "updated_at": "2025-10-11 10:50:01.425"
  },
  {
    "id": 6,
    "user_id": 7,
    "name": "Refriango",
    "sector": "Indústria de Bebidas",
    "logo_url": "/api/logo/refriango",
    "phone": null,
    "location": null,
    "employee_count": null,
    "created_at": "2025-10-11 10:48:41.07935",
    "updated_at": "2025-10-11 10:50:01.462"
  },
  {
    "id": 7,
    "user_id": 8,
    "name": "Fazenda Girassol",
    "sector": "Agricultura",
    "logo_url": "/api/logo/fazenda-girassol",
    "phone": null,
    "location": null,
    "employee_count": null,
    "created_at": "2025-10-11 10:48:41.110949",
    "updated_at": "2025-10-11 10:50:01.497"
  },
  {
    "id": 8,
    "user_id": 9,
    "name": "ZAP",
    "sector": "Telecomunicações",
    "logo_url": "/api/logo/zap",
    "phone": null,
    "location": null,
    "employee_count": null,
    "created_at": "2025-10-11 10:48:41.142923",
    "updated_at": "2025-10-11 10:50:01.531"
  },
  {
    "id": 9,
    "user_id": 10,
    "name": "Coca-Cola Angola",
    "sector": "Bebidas",
    "logo_url": "/api/logo/coca-cola",
    "phone": null,
    "location": null,
    "employee_count": null,
    "created_at": "2025-10-11 10:48:41.174686",
    "updated_at": "2025-10-11 10:50:01.566"
  },
  {
    "id": 10,
    "user_id": 11,
    "name": "Africell Angola",
    "sector": "Telecomunicações",
    "logo_url": "/api/logo/africell",
    "phone": null,
    "location": null,
    "employee_count": null,
    "created_at": "2025-10-11 10:48:41.206307",
    "updated_at": "2025-10-11 10:50:01.602"
  },
  {
    "id": 11,
    "user_id": 12,
    "name": "INAPEN",
    "sector": "Administração Pública",
    "logo_url": "/api/logo/inapen",
    "phone": null,
    "location": null,
    "employee_count": null,
    "created_at": "2025-10-11 10:48:41.237889",
    "updated_at": "2025-10-11 10:50:01.636"
  },
  {
    "id": 13,
    "user_id": 15,
    "name": "ISPTEC",
    "sector": "educacao",
    "logo_url": "https://th.bing.com/th/id/R.48988eec3b25b88f4b8152da91148b7e?rik=WGXSKm9N7HPqBg&riu=http%3a%2f%2fangovagas.net%2fwp-content%2fuploads%2f2021%2f12%2fISPTEC-768x525-1.png&ehk=bb%2fntg5m8lOAat7RQZq7JIcmxjkHBC1%2b%2b9mhVS%2bbxtk%3d&risl=&pid=ImgRaw&r=0",
    "phone": "+244 222 334 455",
    "location": "Luanda, Angola",
    "employee_count": 250,
    "created_at": "2025-07-23 09:17:15.238",
    "updated_at": "2025-10-07 15:38:00.392"
  }
]