[
  {
    "id": 1,
    "company_id": 1,
    "individual_id": null,
    "project_id": 1,
    "payment_proof_id": 1,
    "amount": "2500000.00",
    "created_at": "2025-10-11 10:48:41.364858"
  },
  {
    "id": 2,
    "company_id": 11,
    "individual_id": null,
    "project_id": 1,
    "payment_proof_id": 2,
    "amount": "1800000.00",
    "created_at": "2025-10-11 10:48:41.44765"
  },
  {
    "id": 3,
    "company_id": 7,
    "individual_id": null,
    "project_id": 1,
    "payment_proof_id": 3,
    "amount": "3200000.00",
    "created_at": "2025-10-11 10:48:41.51038"
  },
  {
    "id": 4,
    "company_id": 3,
    "individual_id": null,
    "project_id": 1,
    "payment_proof_id": 4,
    "amount": "1500000.00",
    "created_at": "2025-10-11 10:48:41.573353"
  },
  {
    "id": 5,
    "company_id": 9,
    "individual_id": null,
    "project_id": 1,
    "payment_proof_id": 5,
    "amount": "2800000.00",
    "created_at": "2025-10-11 10:48:41.636259"
  },
  {
    "id": 6,
    "company_id": 6,
    "individual_id": null,
    "project_id": 1,
    "payment_proof_id": 6,
    "amount": "1200000.00",
    "created_at": "2025-10-11 10:48:41.705347"
  },
  {
    "id": 7,
    "company_id": 2,
    "individual_id": null,
    "project_id": 1,
    "payment_proof_id": 7,
    "amount": "4500000.00",
    "created_at": "2025-10-11 10:48:41.771429"
  },
  {
    "id": 8,
    "company_id": 4,
    "individual_id": null,
    "project_id": 1,
    "payment_proof_id": 8,
    "amount": "2200000.00",
    "created_at": "2025-10-11 10:48:41.845523"
  },
  {
    "id": 9,
    "company_id": 1,
    "individual_id": null,
    "project_id": 1,
    "payment_proof_id": 9,
    "amount": "1800000.00",
    "created_at": "2025-10-11 10:48:41.90812"
  },
  {
    "id": 10,
    "company_id": 3,
    "individual_id": null,
    "project_id": 1,
    "payment_proof_id": 10,
    "amount": "950000.00",
    "created_at": "2025-10-11 10:48:41.971955"
  },
  {
    "id": 11,
    "company_id": 11,
    "individual_id": null,
    "project_id": 3,
    "payment_proof_id": 11,
    "amount": "3800000.00",
    "created_at": "2025-10-11 10:48:42.034918"
  },
  {
    "id": 12,
    "company_id": 1,
    "individual_id": null,
    "project_id": 3,
    "payment_proof_id": 12,
    "amount": "2520000.00",
    "created_at": "2025-10-11 10:48:42.099044"
  },
  {
    "id": 13,
    "company_id": 2,
    "individual_id": null,
    "project_id": 2,
    "payment_proof_id": 13,
    "amount": "5200000.00",
    "created_at": "2025-10-11 10:48:42.162583"
  },
  {
    "id": 14,
    "company_id": 5,
    "individual_id": null,
    "project_id": 2,
    "payment_proof_id": 14,
    "amount": "3550000.00",
    "created_at": "2025-10-11 10:48:42.226921"
  },
  {
    "id": 15,
    "company_id": 4,
    "individual_id": null,
    "project_id": 1,
    "payment_proof_id": 15,
    "amount": "4200000.00",
    "created_at": "2025-10-11 10:48:42.29089"
  },
  {
    "id": 16,
    "company_id": 6,
    "individual_id": null,
    "project_id": 1,
    "payment_proof_id": 16,
    "amount": "2800000.00",
    "created_at": "2025-10-11 10:48:42.354175"
  },
  {
    "id": 17,
    "company_id": 2,
    "individual_id": null,
    "project_id": 1,
    "payment_proof_id": 17,
    "amount": "6500000.00",
    "created_at": "2025-10-11 10:48:42.416687"
  },
  {
    "id": 18,
    "company_id": 8,
    "individual_id": null,
    "project_id": 1,
    "payment_proof_id": 18,
    "amount": "3200000.00",
    "created_at": "2025-10-11 10:48:42.48099"
  },
  {
    "id": 19,
    "company_id": 1,
    "individual_id": null,
    "project_id": 1,
    "payment_proof_id": 19,
    "amount": "2800000.00",
    "created_at": "2025-10-11 10:48:42.544534"
  },
  {
    "id": 20,
    "company_id": 11,
    "individual_id": null,
    "project_id": 1,
    "payment_proof_id": 20,
    "amount": "1600000.00",
    "created_at": "2025-10-11 10:48:42.607808"
  },
  {
    "id": 21,
    "company_id": 4,
    "individual_id": null,
    "project_id": 1,
    "payment_proof_id": 21,
    "amount": "3500000.00",
    "created_at": "2025-10-11 10:48:42.670834"
  },
  {
    "id": 22,
    "company_id": 3,
    "individual_id": null,
    "project_id": 1,
    "payment_proof_id": 22,
    "amount": "1800000.00",
    "created_at": "2025-10-11 10:48:42.733661"
  },
  {
    "id": 23,
    "company_id": 6,
    "individual_id": null,
    "project_id": 1,
    "payment_proof_id": 23,
    "amount": "2200000.00",
    "created_at": "2025-10-11 10:48:42.796658"
  },
  {
    "id": 24,
    "company_id": 9,
    "individual_id": null,
    "project_id": 1,
    "payment_proof_id": 24,
    "amount": "1900000.00",
    "created_at": "2025-10-11 10:48:42.860324"
  },
  {
    "id": 25,
    "company_id": 7,
    "individual_id": null,
    "project_id": 1,
    "payment_proof_id": 25,
    "amount": "4800000.00",
    "created_at": "2025-10-11 10:48:42.923574"
  },
  {
    "id": 26,
    "company_id": 2,
    "individual_id": null,
    "project_id": 1,
    "payment_proof_id": 26,
    "amount": "3200000.00",
    "created_at": "2025-10-11 10:48:42.986369"
  },
  {
    "id": 27,
    "company_id": 10,
    "individual_id": null,
    "project_id": 1,
    "payment_proof_id": 27,
    "amount": "2800000.00",
    "created_at": "2025-10-11 10:48:43.049602"
  },
  {
    "id": 28,
    "company_id": 11,
    "individual_id": null,
    "project_id": 1,
    "payment_proof_id": 28,
    "amount": "2100000.00",
    "created_at": "2025-10-11 10:48:43.11482"
  },
  {
    "id": 29,
    "company_id": 7,
    "individual_id": null,
    "project_id": 1,
    "payment_proof_id": 29,
    "amount": "8500000.00",
    "created_at": "2025-10-11 10:48:43.177614"
  },
  {
    "id": 30,
    "company_id": 9,
    "individual_id": null,
    "project_id": 1,
    "payment_proof_id": 30,
    "amount": "4000000.00",
    "created_at": "2025-10-11 10:48:43.240543"
  },
  {
    "id": 31,
    "company_id": 11,
    "individual_id": null,
    "project_id": 1,
    "payment_proof_id": 31,
    "amount": "5200000.00",
    "created_at": "2025-10-11 10:48:43.305169"
  },
  {
    "id": 32,
    "company_id": 1,
    "individual_id": null,
    "project_id": 1,
    "payment_proof_id": 32,
    "amount": "2800000.00",
    "created_at": "2025-10-11 10:48:43.373088"
  },
  {
    "id": 33,
    "company_id": 1,
    "individual_id": null,
    "project_id": 1,
    "payment_proof_id": 33,
    "amount": "3800000.00",
    "created_at": "2025-10-11 10:48:43.439611"
  },
  {
    "id": 34,
    "company_id": 2,
    "individual_id": null,
    "project_id": 1,
    "payment_proof_id": 34,
    "amount": "2500000.00",
    "created_at": "2025-10-11 10:48:43.502751"
  },
  {
    "id": 35,
    "company_id": 8,
    "individual_id": null,
    "project_id": 1,
    "payment_proof_id": 35,
    "amount": "1800000.00",
    "created_at": "2025-10-11 10:48:43.566134"
  }
]