[
  {
    "id": 1,
    "company_id": 1,
    "individual_id": null,
    "consumption_record_id": null,
    "file_url": "/uploads/proofs/investment-proof-1760179721314.pdf",
    "amount": "2500000.00",
    "sdg_id": 1,
    "status": "approved",
    "created_at": "2025-10-11 10:48:41.33106",
    "updated_at": "2025-10-11 10:48:41.33106"
  },
  {
    "id": 2,
    "company_id": 11,
    "individual_id": null,
    "consumption_record_id": null,
    "file_url": "/uploads/proofs/investment-proof-1760179721381.pdf",
    "amount": "1800000.00",
    "sdg_id": 1,
    "status": "approved",
    "created_at": "2025-10-11 10:48:41.415742",
    "updated_at": "2025-10-11 10:48:41.415742"
  },
  {
    "id": 3,
    "company_id": 7,
    "individual_id": null,
    "consumption_record_id": null,
    "file_url": "/uploads/proofs/investment-proof-1760179721462.pdf",
    "amount": "3200000.00",
    "sdg_id": 2,
    "status": "approved",
    "created_at": "2025-10-11 10:48:41.479127",
    "updated_at": "2025-10-11 10:48:41.479127"
  },
  {
    "id": 4,
    "company_id": 3,
    "individual_id": null,
    "consumption_record_id": null,
    "file_url": "/uploads/proofs/investment-proof-1760179721525.pdf",
    "amount": "1500000.00",
    "sdg_id": 2,
    "status": "approved",
    "created_at": "2025-10-11 10:48:41.541884",
    "updated_at": "2025-10-11 10:48:41.541884"
  },
  {
    "id": 5,
    "company_id": 9,
    "individual_id": null,
    "consumption_record_id": null,
    "file_url": "/uploads/proofs/investment-proof-1760179721588.pdf",
    "amount": "2800000.00",
    "sdg_id": 3,
    "status": "approved",
    "created_at": "2025-10-11 10:48:41.604848",
    "updated_at": "2025-10-11 10:48:41.604848"
  },
  {
    "id": 6,
    "company_id": 6,
    "individual_id": null,
    "consumption_record_id": null,
    "file_url": "/uploads/proofs/investment-proof-1760179721656.pdf",
    "amount": "1200000.00",
    "sdg_id": 3,
    "status": "approved",
    "created_at": "2025-10-11 10:48:41.673466",
    "updated_at": "2025-10-11 10:48:41.673466"
  },
  {
    "id": 7,
    "company_id": 2,
    "individual_id": null,
    "consumption_record_id": null,
    "file_url": "/uploads/proofs/investment-proof-1760179721720.pdf",
    "amount": "4500000.00",
    "sdg_id": 4,
    "status": "approved",
    "created_at": "2025-10-11 10:48:41.737089",
    "updated_at": "2025-10-11 10:48:41.737089"
  },
  {
    "id": 8,
    "company_id": 4,
    "individual_id": null,
    "consumption_record_id": null,
    "file_url": "/uploads/proofs/investment-proof-1760179721796.pdf",
    "amount": "2200000.00",
    "sdg_id": 4,
    "status": "approved",
    "created_at": "2025-10-11 10:48:41.813544",
    "updated_at": "2025-10-11 10:48:41.813544"
  },
  {
    "id": 9,
    "company_id": 1,
    "individual_id": null,
    "consumption_record_id": null,
    "file_url": "/uploads/proofs/investment-proof-1760179721860.pdf",
    "amount": "1800000.00",
    "sdg_id": 5,
    "status": "approved",
    "created_at": "2025-10-11 10:48:41.876693",
    "updated_at": "2025-10-11 10:48:41.876693"
  },
  {
    "id": 10,
    "company_id": 3,
    "individual_id": null,
    "consumption_record_id": null,
    "file_url": "/uploads/proofs/investment-proof-1760179721923.pdf",
    "amount": "950000.00",
    "sdg_id": 5,
    "status": "approved",
    "created_at": "2025-10-11 10:48:41.940372",
    "updated_at": "2025-10-11 10:48:41.940372"
  },
  {
    "id": 11,
    "company_id": 11,
    "individual_id": null,
    "consumption_record_id": null,
    "file_url": "/uploads/proofs/investment-proof-1760179721986.pdf",
    "amount": "3800000.00",
    "sdg_id": 6,
    "status": "approved",
    "created_at": "2025-10-11 10:48:42.003571",
    "updated_at": "2025-10-11 10:48:42.003571"
  },
  {
    "id": 12,
    "company_id": 1,
    "individual_id": null,
    "consumption_record_id": null,
    "file_url": "/uploads/proofs/investment-proof-1760179722049.pdf",
    "amount": "2520000.00",
    "sdg_id": 6,
    "status": "approved",
    "created_at": "2025-10-11 10:48:42.067255",
    "updated_at": "2025-10-11 10:48:42.067255"
  },
  {
    "id": 13,
    "company_id": 2,
    "individual_id": null,
    "consumption_record_id": null,
    "file_url": "/uploads/proofs/investment-proof-1760179722113.pdf",
    "amount": "5200000.00",
    "sdg_id": 7,
    "status": "approved",
    "created_at": "2025-10-11 10:48:42.130586",
    "updated_at": "2025-10-11 10:48:42.130586"
  },
  {
    "id": 14,
    "company_id": 5,
    "individual_id": null,
    "consumption_record_id": null,
    "file_url": "/uploads/proofs/investment-proof-1760179722177.pdf",
    "amount": "3550000.00",
    "sdg_id": 7,
    "status": "approved",
    "created_at": "2025-10-11 10:48:42.19411",
    "updated_at": "2025-10-11 10:48:42.19411"
  },
  {
    "id": 15,
    "company_id": 4,
    "individual_id": null,
    "consumption_record_id": null,
    "file_url": "/uploads/proofs/investment-proof-1760179722242.pdf",
    "amount": "4200000.00",
    "sdg_id": 8,
    "status": "approved",
    "created_at": "2025-10-11 10:48:42.259451",
    "updated_at": "2025-10-11 10:48:42.259451"
  },
  {
    "id": 16,
    "company_id": 6,
    "individual_id": null,
    "consumption_record_id": null,
    "file_url": "/uploads/proofs/investment-proof-1760179722306.pdf",
    "amount": "2800000.00",
    "sdg_id": 8,
    "status": "approved",
    "created_at": "2025-10-11 10:48:42.322877",
    "updated_at": "2025-10-11 10:48:42.322877"
  },
  {
    "id": 17,
    "company_id": 2,
    "individual_id": null,
    "consumption_record_id": null,
    "file_url": "/uploads/proofs/investment-proof-1760179722368.pdf",
    "amount": "6500000.00",
    "sdg_id": 9,
    "status": "approved",
    "created_at": "2025-10-11 10:48:42.38539",
    "updated_at": "2025-10-11 10:48:42.38539"
  },
  {
    "id": 18,
    "company_id": 8,
    "individual_id": null,
    "consumption_record_id": null,
    "file_url": "/uploads/proofs/investment-proof-1760179722433.pdf",
    "amount": "3200000.00",
    "sdg_id": 9,
    "status": "approved",
    "created_at": "2025-10-11 10:48:42.449652",
    "updated_at": "2025-10-11 10:48:42.449652"
  },
  {
    "id": 19,
    "company_id": 1,
    "individual_id": null,
    "consumption_record_id": null,
    "file_url": "/uploads/proofs/investment-proof-1760179722496.pdf",
    "amount": "2800000.00",
    "sdg_id": 10,
    "status": "approved",
    "created_at": "2025-10-11 10:48:42.512806",
    "updated_at": "2025-10-11 10:48:42.512806"
  },
  {
    "id": 20,
    "company_id": 11,
    "individual_id": null,
    "consumption_record_id": null,
    "file_url": "/uploads/proofs/investment-proof-1760179722559.pdf",
    "amount": "1600000.00",
    "sdg_id": 10,
    "status": "approved",
    "created_at": "2025-10-11 10:48:42.576277",
    "updated_at": "2025-10-11 10:48:42.576277"
  },
  {
    "id": 21,
    "company_id": 4,
    "individual_id": null,
    "consumption_record_id": null,
    "file_url": "/uploads/proofs/investment-proof-1760179722622.pdf",
    "amount": "3500000.00",
    "sdg_id": 11,
    "status": "approved",
    "created_at": "2025-10-11 10:48:42.639206",
    "updated_at": "2025-10-11 10:48:42.639206"
  },
  {
    "id": 22,
    "company_id": 3,
    "individual_id": null,
    "consumption_record_id": null,
    "file_url": "/uploads/proofs/investment-proof-1760179722685.pdf",
    "amount": "1800000.00",
    "sdg_id": 11,
    "status": "approved",
    "created_at": "2025-10-11 10:48:42.702323",
    "updated_at": "2025-10-11 10:48:42.702323"
  },
  {
    "id": 23,
    "company_id": 6,
    "individual_id": null,
    "consumption_record_id": null,
    "file_url": "/uploads/proofs/investment-proof-1760179722748.pdf",
    "amount": "2200000.00",
    "sdg_id": 12,
    "status": "approved",
    "created_at": "2025-10-11 10:48:42.765344",
    "updated_at": "2025-10-11 10:48:42.765344"
  },
  {
    "id": 24,
    "company_id": 9,
    "individual_id": null,
    "consumption_record_id": null,
    "file_url": "/uploads/proofs/investment-proof-1760179722812.pdf",
    "amount": "1900000.00",
    "sdg_id": 12,
    "status": "approved",
    "created_at": "2025-10-11 10:48:42.82877",
    "updated_at": "2025-10-11 10:48:42.82877"
  },
  {
    "id": 25,
    "company_id": 7,
    "individual_id": null,
    "consumption_record_id": null,
    "file_url": "/uploads/proofs/investment-proof-1760179722875.pdf",
    "amount": "4800000.00",
    "sdg_id": 13,
    "status": "approved",
    "created_at": "2025-10-11 10:48:42.892189",
    "updated_at": "2025-10-11 10:48:42.892189"
  },
  {
    "id": 26,
    "company_id": 2,
    "individual_id": null,
    "consumption_record_id": null,
    "file_url": "/uploads/proofs/investment-proof-1760179722938.pdf",
    "amount": "3200000.00",
    "sdg_id": 13,
    "status": "approved",
    "created_at": "2025-10-11 10:48:42.95481",
    "updated_at": "2025-10-11 10:48:42.95481"
  },
  {
    "id": 27,
    "company_id": 10,
    "individual_id": null,
    "consumption_record_id": null,
    "file_url": "/uploads/proofs/investment-proof-1760179723001.pdf",
    "amount": "2800000.00",
    "sdg_id": 14,
    "status": "approved",
    "created_at": "2025-10-11 10:48:43.018171",
    "updated_at": "2025-10-11 10:48:43.018171"
  },
  {
    "id": 28,
    "company_id": 11,
    "individual_id": null,
    "consumption_record_id": null,
    "file_url": "/uploads/proofs/investment-proof-1760179723064.pdf",
    "amount": "2100000.00",
    "sdg_id": 14,
    "status": "approved",
    "created_at": "2025-10-11 10:48:43.083069",
    "updated_at": "2025-10-11 10:48:43.083069"
  },
  {
    "id": 29,
    "company_id": 7,
    "individual_id": null,
    "consumption_record_id": null,
    "file_url": "/uploads/proofs/investment-proof-1760179723129.pdf",
    "amount": "8500000.00",
    "sdg_id": 15,
    "status": "approved",
    "created_at": "2025-10-11 10:48:43.14608",
    "updated_at": "2025-10-11 10:48:43.14608"
  },
  {
    "id": 30,
    "company_id": 9,
    "individual_id": null,
    "consumption_record_id": null,
    "file_url": "/uploads/proofs/investment-proof-1760179723192.pdf",
    "amount": "4000000.00",
    "sdg_id": 15,
    "status": "approved",
    "created_at": "2025-10-11 10:48:43.209117",
    "updated_at": "2025-10-11 10:48:43.209117"
  },
  {
    "id": 31,
    "company_id": 11,
    "individual_id": null,
    "consumption_record_id": null,
    "file_url": "/uploads/proofs/investment-proof-1760179723256.pdf",
    "amount": "5200000.00",
    "sdg_id": 16,
    "status": "approved",
    "created_at": "2025-10-11 10:48:43.273055",
    "updated_at": "2025-10-11 10:48:43.273055"
  },
  {
    "id": 32,
    "company_id": 1,
    "individual_id": null,
    "consumption_record_id": null,
    "file_url": "/uploads/proofs/investment-proof-1760179723320.pdf",
    "amount": "2800000.00",
    "sdg_id": 16,
    "status": "approved",
    "created_at": "2025-10-11 10:48:43.336663",
    "updated_at": "2025-10-11 10:48:43.336663"
  },
  {
    "id": 33,
    "company_id": 1,
    "individual_id": null,
    "consumption_record_id": null,
    "file_url": "/uploads/proofs/investment-proof-1760179723388.pdf",
    "amount": "3800000.00",
    "sdg_id": 17,
    "status": "approved",
    "created_at": "2025-10-11 10:48:43.404673",
    "updated_at": "2025-10-11 10:48:43.404673"
  },
  {
    "id": 34,
    "company_id": 2,
    "individual_id": null,
    "consumption_record_id": null,
    "file_url": "/uploads/proofs/investment-proof-1760179723454.pdf",
    "amount": "2500000.00",
    "sdg_id": 17,
    "status": "approved",
    "created_at": "2025-10-11 10:48:43.471122",
    "updated_at": "2025-10-11 10:48:43.471122"
  },
  {
    "id": 35,
    "company_id": 8,
    "individual_id": null,
    "consumption_record_id": null,
    "file_url": "/uploads/proofs/investment-proof-1760179723517.pdf",
    "amount": "1800000.00",
    "sdg_id": 17,
    "status": "approved",
    "created_at": "2025-10-11 10:48:43.534419",
    "updated_at": "2025-10-11 10:48:43.534419"
  }
]