[
  {
    "id": 53,
    "company_id": 26,
    "consumption_record_id": 7,
    "file_url": "/uploads/payment-proof-35.pdf",
    "amount": "562372.48",
    "sdg_id": 4,
    "status": "pending",
    "created_at": "2025-07-20 20:56:59.875011",
    "updated_at": "2025-07-20 20:56:59.875011",
    "individual_id": null
  },
  {
    "id": 54,
    "company_id": 27,
    "consumption_record_id": 8,
    "file_url": "/uploads/payment-proof-36.pdf",
    "amount": "422388.84",
    "sdg_id": 16,
    "status": "approved",
    "created_at": "2025-07-20 20:57:00.601475",
    "updated_at": "2025-07-20 20:57:00.601475",
    "individual_id": null
  },
  {
    "id": 55,
    "company_id": 28,
    "consumption_record_id": 9,
    "file_url": "/uploads/payment-proof-37.pdf",
    "amount": "155647.16",
    "sdg_id": 3,
    "status": "approved",
    "created_at": "2025-07-20 20:57:01.323922",
    "updated_at": "2025-07-20 20:57:01.323922",
    "individual_id": null
  },
  {
    "id": 56,
    "company_id": 29,
    "consumption_record_id": 10,
    "file_url": "/uploads/payment-proof-38.pdf",
    "amount": "275582.73",
    "sdg_id": 16,
    "status": "pending",
    "created_at": "2025-07-20 20:57:02.052207",
    "updated_at": "2025-07-20 20:57:02.052207",
    "individual_id": null
  },
  {
    "id": 57,
    "company_id": 30,
    "consumption_record_id": 11,
    "file_url": "/uploads/payment-proof-39.pdf",
    "amount": "155808.63",
    "sdg_id": 2,
    "status": "approved",
    "created_at": "2025-07-20 20:57:02.771685",
    "updated_at": "2025-07-20 20:57:02.771685",
    "individual_id": null
  },
  {
    "id": 58,
    "company_id": 31,
    "consumption_record_id": 12,
    "file_url": "/uploads/payment-proof-40.pdf",
    "amount": "246806.69",
    "sdg_id": 11,
    "status": "approved",
    "created_at": "2025-07-20 20:57:03.492398",
    "updated_at": "2025-07-20 20:57:03.492398",
    "individual_id": null
  },
  {
    "id": 59,
    "company_id": 32,
    "consumption_record_id": 13,
    "file_url": "/uploads/payment-proof-41.pdf",
    "amount": "309641.49",
    "sdg_id": 2,
    "status": "approved",
    "created_at": "2025-07-20 20:57:04.213214",
    "updated_at": "2025-07-20 20:57:04.213214",
    "individual_id": null
  },
  {
    "id": 60,
    "company_id": 33,
    "consumption_record_id": 14,
    "file_url": "/uploads/payment-proof-42.pdf",
    "amount": "224489.40",
    "sdg_id": 6,
    "status": "pending",
    "created_at": "2025-07-20 20:57:04.941712",
    "updated_at": "2025-07-20 20:57:04.941712",
    "individual_id": null
  },
  {
    "id": 61,
    "company_id": 34,
    "consumption_record_id": 15,
    "file_url": "/uploads/payment-proof-43.pdf",
    "amount": "210659.08",
    "sdg_id": 4,
    "status": "pending",
    "created_at": "2025-07-20 20:57:05.663696",
    "updated_at": "2025-07-20 20:57:05.663696",
    "individual_id": null
  },
  {
    "id": 62,
    "company_id": 37,
    "consumption_record_id": 18,
    "file_url": "/uploads/payment-proof-46.pdf",
    "amount": "474773.64",
    "sdg_id": 2,
    "status": "approved",
    "created_at": "2025-07-20 20:57:07.549736",
    "updated_at": "2025-07-20 20:57:07.549736",
    "individual_id": null
  },
  {
    "id": 63,
    "company_id": 38,
    "consumption_record_id": 19,
    "file_url": "/uploads/payment-proof-47.pdf",
    "amount": "472048.38",
    "sdg_id": 5,
    "status": "pending",
    "created_at": "2025-07-20 20:57:08.269883",
    "updated_at": "2025-07-20 20:57:08.269883",
    "individual_id": null
  },
  {
    "id": 64,
    "company_id": 39,
    "consumption_record_id": 20,
    "file_url": "/uploads/payment-proof-48.pdf",
    "amount": "524589.02",
    "sdg_id": 2,
    "status": "pending",
    "created_at": "2025-07-20 20:57:08.990411",
    "updated_at": "2025-07-20 20:57:08.990411",
    "individual_id": null
  },
  {
    "id": 65,
    "company_id": 41,
    "consumption_record_id": 22,
    "file_url": "/uploads/payment-proof-50.pdf",
    "amount": "138058.83",
    "sdg_id": 17,
    "status": "approved",
    "created_at": "2025-07-20 20:57:10.290594",
    "updated_at": "2025-07-20 20:57:10.290594",
    "individual_id": null
  },
  {
    "id": 66,
    "company_id": 44,
    "consumption_record_id": 25,
    "file_url": "/uploads/payment-proof-53.pdf",
    "amount": "215873.67",
    "sdg_id": 16,
    "status": "approved",
    "created_at": "2025-07-20 20:57:12.168684",
    "updated_at": "2025-07-20 20:57:12.168684",
    "individual_id": null
  },
  {
    "id": 67,
    "company_id": null,
    "consumption_record_id": 26,
    "file_url": "/uploads/payment-proof-individual-54.pdf",
    "amount": "16946.27",
    "sdg_id": 15,
    "status": "approved",
    "created_at": "2025-07-20 20:57:12.890766",
    "updated_at": "2025-07-20 20:57:12.890766",
    "individual_id": 7
  },
  {
    "id": 68,
    "company_id": null,
    "consumption_record_id": 27,
    "file_url": "/uploads/payment-proof-individual-55.pdf",
    "amount": "24250.27",
    "sdg_id": 9,
    "status": "pending",
    "created_at": "2025-07-20 20:57:13.611567",
    "updated_at": "2025-07-20 20:57:13.611567",
    "individual_id": 8
  },
  {
    "id": 69,
    "company_id": null,
    "consumption_record_id": 29,
    "file_url": "/uploads/payment-proof-individual-57.pdf",
    "amount": "42073.82",
    "sdg_id": null,
    "status": "approved",
    "created_at": "2025-07-20 20:57:14.911636",
    "updated_at": "2025-07-20 20:57:14.911636",
    "individual_id": 10
  },
  {
    "id": 70,
    "company_id": null,
    "consumption_record_id": 31,
    "file_url": "/uploads/payment-proof-individual-59.pdf",
    "amount": "53602.09",
    "sdg_id": 3,
    "status": "pending",
    "created_at": "2025-07-20 20:57:16.208058",
    "updated_at": "2025-07-20 20:57:16.208058",
    "individual_id": 12
  },
  {
    "id": 71,
    "company_id": null,
    "consumption_record_id": 32,
    "file_url": "/uploads/payment-proof-individual-60.pdf",
    "amount": "48139.53",
    "sdg_id": 11,
    "status": "approved",
    "created_at": "2025-07-20 20:57:16.931454",
    "updated_at": "2025-07-20 20:57:16.931454",
    "individual_id": 13
  }
]