[
  {
    "id": 1,
    "company_id": 1,
    "individual_id": null,
    "consumption_record_id": null,
    "file_url": "/uploads/proofs/investment-proof-1753178486185.pdf",
    "amount": "2500000.00",
    "sdg_id": 1,
    "status": "approved",
    "created_at": "2025-07-22 10:01:26.240933",
    "updated_at": "2025-07-22 10:01:26.240933"
  },
  {
    "id": 2,
    "company_id": 11,
    "individual_id": null,
    "consumption_record_id": null,
    "file_url": "/uploads/proofs/investment-proof-1753178486413.pdf",
    "amount": "1800000.00",
    "sdg_id": 1,
    "status": "approved",
    "created_at": "2025-07-22 10:01:26.468945",
    "updated_at": "2025-07-22 10:01:26.468945"
  },
  {
    "id": 3,
    "company_id": 7,
    "individual_id": null,
    "consumption_record_id": null,
    "file_url": "/uploads/proofs/investment-proof-1753178486638.pdf",
    "amount": "3200000.00",
    "sdg_id": 2,
    "status": "approved",
    "created_at": "2025-07-22 10:01:26.693502",
    "updated_at": "2025-07-22 10:01:26.693502"
  },
  {
    "id": 4,
    "company_id": 3,
    "individual_id": null,
    "consumption_record_id": null,
    "file_url": "/uploads/proofs/investment-proof-1753178486863.pdf",
    "amount": "1500000.00",
    "sdg_id": 2,
    "status": "approved",
    "created_at": "2025-07-22 10:01:26.918314",
    "updated_at": "2025-07-22 10:01:26.918314"
  },
  {
    "id": 5,
    "company_id": 9,
    "individual_id": null,
    "consumption_record_id": null,
    "file_url": "/uploads/proofs/investment-proof-1753178487087.pdf",
    "amount": "2800000.00",
    "sdg_id": 3,
    "status": "approved",
    "created_at": "2025-07-22 10:01:27.142658",
    "updated_at": "2025-07-22 10:01:27.142658"
  },
  {
    "id": 6,
    "company_id": 6,
    "individual_id": null,
    "consumption_record_id": null,
    "file_url": "/uploads/proofs/investment-proof-1753178487313.pdf",
    "amount": "1200000.00",
    "sdg_id": 3,
    "status": "approved",
    "created_at": "2025-07-22 10:01:27.368293",
    "updated_at": "2025-07-22 10:01:27.368293"
  },
  {
    "id": 7,
    "company_id": 2,
    "individual_id": null,
    "consumption_record_id": null,
    "file_url": "/uploads/proofs/investment-proof-1753178487538.pdf",
    "amount": "4500000.00",
    "sdg_id": 4,
    "status": "approved",
    "created_at": "2025-07-22 10:01:27.593367",
    "updated_at": "2025-07-22 10:01:27.593367"
  },
  {
    "id": 8,
    "company_id": 4,
    "individual_id": null,
    "consumption_record_id": null,
    "file_url": "/uploads/proofs/investment-proof-1753178487762.pdf",
    "amount": "2200000.00",
    "sdg_id": 4,
    "status": "approved",
    "created_at": "2025-07-22 10:01:27.817508",
    "updated_at": "2025-07-22 10:01:27.817508"
  },
  {
    "id": 9,
    "company_id": 1,
    "individual_id": null,
    "consumption_record_id": null,
    "file_url": "/uploads/proofs/investment-proof-1753178487987.pdf",
    "amount": "1800000.00",
    "sdg_id": 5,
    "status": "approved",
    "created_at": "2025-07-22 10:01:28.042445",
    "updated_at": "2025-07-22 10:01:28.042445"
  },
  {
    "id": 10,
    "company_id": 3,
    "individual_id": null,
    "consumption_record_id": null,
    "file_url": "/uploads/proofs/investment-proof-1753178488211.pdf",
    "amount": "950000.00",
    "sdg_id": 5,
    "status": "approved",
    "created_at": "2025-07-22 10:01:28.267008",
    "updated_at": "2025-07-22 10:01:28.267008"
  },
  {
    "id": 11,
    "company_id": 11,
    "individual_id": null,
    "consumption_record_id": null,
    "file_url": "/uploads/proofs/investment-proof-1753178488437.pdf",
    "amount": "3800000.00",
    "sdg_id": 6,
    "status": "approved",
    "created_at": "2025-07-22 10:01:28.492299",
    "updated_at": "2025-07-22 10:01:28.492299"
  },
  {
    "id": 12,
    "company_id": 1,
    "individual_id": null,
    "consumption_record_id": null,
    "file_url": "/uploads/proofs/investment-proof-1753178488661.pdf",
    "amount": "2520000.00",
    "sdg_id": 6,
    "status": "approved",
    "created_at": "2025-07-22 10:01:28.718487",
    "updated_at": "2025-07-22 10:01:28.718487"
  },
  {
    "id": 13,
    "company_id": 2,
    "individual_id": null,
    "consumption_record_id": null,
    "file_url": "/uploads/proofs/investment-proof-1753178488887.pdf",
    "amount": "5200000.00",
    "sdg_id": 7,
    "status": "approved",
    "created_at": "2025-07-22 10:01:28.942627",
    "updated_at": "2025-07-22 10:01:28.942627"
  },
  {
    "id": 14,
    "company_id": 5,
    "individual_id": null,
    "consumption_record_id": null,
    "file_url": "/uploads/proofs/investment-proof-1753178489112.pdf",
    "amount": "3550000.00",
    "sdg_id": 7,
    "status": "approved",
    "created_at": "2025-07-22 10:01:29.167435",
    "updated_at": "2025-07-22 10:01:29.167435"
  },
  {
    "id": 15,
    "company_id": 4,
    "individual_id": null,
    "consumption_record_id": null,
    "file_url": "/uploads/proofs/investment-proof-1753178489336.pdf",
    "amount": "4200000.00",
    "sdg_id": 8,
    "status": "approved",
    "created_at": "2025-07-22 10:01:29.391363",
    "updated_at": "2025-07-22 10:01:29.391363"
  },
  {
    "id": 16,
    "company_id": 6,
    "individual_id": null,
    "consumption_record_id": null,
    "file_url": "/uploads/proofs/investment-proof-1753178489561.pdf",
    "amount": "2800000.00",
    "sdg_id": 8,
    "status": "approved",
    "created_at": "2025-07-22 10:01:29.615837",
    "updated_at": "2025-07-22 10:01:29.615837"
  },
  {
    "id": 17,
    "company_id": 2,
    "individual_id": null,
    "consumption_record_id": null,
    "file_url": "/uploads/proofs/investment-proof-1753178489785.pdf",
    "amount": "6500000.00",
    "sdg_id": 9,
    "status": "approved",
    "created_at": "2025-07-22 10:01:29.840464",
    "updated_at": "2025-07-22 10:01:29.840464"
  },
  {
    "id": 18,
    "company_id": 8,
    "individual_id": null,
    "consumption_record_id": null,
    "file_url": "/uploads/proofs/investment-proof-1753178490012.pdf",
    "amount": "3200000.00",
    "sdg_id": 9,
    "status": "approved",
    "created_at": "2025-07-22 10:01:30.068522",
    "updated_at": "2025-07-22 10:01:30.068522"
  },
  {
    "id": 19,
    "company_id": 1,
    "individual_id": null,
    "consumption_record_id": null,
    "file_url": "/uploads/proofs/investment-proof-1753178490238.pdf",
    "amount": "2800000.00",
    "sdg_id": 10,
    "status": "approved",
    "created_at": "2025-07-22 10:01:30.293823",
    "updated_at": "2025-07-22 10:01:30.293823"
  },
  {
    "id": 20,
    "company_id": 11,
    "individual_id": null,
    "consumption_record_id": null,
    "file_url": "/uploads/proofs/investment-proof-1753178490464.pdf",
    "amount": "1600000.00",
    "sdg_id": 10,
    "status": "approved",
    "created_at": "2025-07-22 10:01:30.519698",
    "updated_at": "2025-07-22 10:01:30.519698"
  },
  {
    "id": 21,
    "company_id": 4,
    "individual_id": null,
    "consumption_record_id": null,
    "file_url": "/uploads/proofs/investment-proof-1753178490689.pdf",
    "amount": "3500000.00",
    "sdg_id": 11,
    "status": "approved",
    "created_at": "2025-07-22 10:01:30.744157",
    "updated_at": "2025-07-22 10:01:30.744157"
  },
  {
    "id": 22,
    "company_id": 3,
    "individual_id": null,
    "consumption_record_id": null,
    "file_url": "/uploads/proofs/investment-proof-1753178490913.pdf",
    "amount": "1800000.00",
    "sdg_id": 11,
    "status": "approved",
    "created_at": "2025-07-22 10:01:30.968795",
    "updated_at": "2025-07-22 10:01:30.968795"
  },
  {
    "id": 23,
    "company_id": 6,
    "individual_id": null,
    "consumption_record_id": null,
    "file_url": "/uploads/proofs/investment-proof-1753178491137.pdf",
    "amount": "2200000.00",
    "sdg_id": 12,
    "status": "approved",
    "created_at": "2025-07-22 10:01:31.1925",
    "updated_at": "2025-07-22 10:01:31.1925"
  },
  {
    "id": 24,
    "company_id": 9,
    "individual_id": null,
    "consumption_record_id": null,
    "file_url": "/uploads/proofs/investment-proof-1753178491361.pdf",
    "amount": "1900000.00",
    "sdg_id": 12,
    "status": "approved",
    "created_at": "2025-07-22 10:01:31.416736",
    "updated_at": "2025-07-22 10:01:31.416736"
  },
  {
    "id": 25,
    "company_id": 7,
    "individual_id": null,
    "consumption_record_id": null,
    "file_url": "/uploads/proofs/investment-proof-1753178491585.pdf",
    "amount": "4800000.00",
    "sdg_id": 13,
    "status": "approved",
    "created_at": "2025-07-22 10:01:31.641541",
    "updated_at": "2025-07-22 10:01:31.641541"
  },
  {
    "id": 26,
    "company_id": 2,
    "individual_id": null,
    "consumption_record_id": null,
    "file_url": "/uploads/proofs/investment-proof-1753178491811.pdf",
    "amount": "3200000.00",
    "sdg_id": 13,
    "status": "approved",
    "created_at": "2025-07-22 10:01:31.866242",
    "updated_at": "2025-07-22 10:01:31.866242"
  },
  {
    "id": 27,
    "company_id": 10,
    "individual_id": null,
    "consumption_record_id": null,
    "file_url": "/uploads/proofs/investment-proof-1753178492035.pdf",
    "amount": "2800000.00",
    "sdg_id": 14,
    "status": "approved",
    "created_at": "2025-07-22 10:01:32.089993",
    "updated_at": "2025-07-22 10:01:32.089993"
  },
  {
    "id": 28,
    "company_id": 11,
    "individual_id": null,
    "consumption_record_id": null,
    "file_url": "/uploads/proofs/investment-proof-1753178492259.pdf",
    "amount": "2100000.00",
    "sdg_id": 14,
    "status": "approved",
    "created_at": "2025-07-22 10:01:32.314319",
    "updated_at": "2025-07-22 10:01:32.314319"
  },
  {
    "id": 29,
    "company_id": 7,
    "individual_id": null,
    "consumption_record_id": null,
    "file_url": "/uploads/proofs/investment-proof-1753178492483.pdf",
    "amount": "8500000.00",
    "sdg_id": 15,
    "status": "approved",
    "created_at": "2025-07-22 10:01:32.538583",
    "updated_at": "2025-07-22 10:01:32.538583"
  },
  {
    "id": 30,
    "company_id": 9,
    "individual_id": null,
    "consumption_record_id": null,
    "file_url": "/uploads/proofs/investment-proof-1753178492707.pdf",
    "amount": "4000000.00",
    "sdg_id": 15,
    "status": "approved",
    "created_at": "2025-07-22 10:01:32.762494",
    "updated_at": "2025-07-22 10:01:32.762494"
  },
  {
    "id": 31,
    "company_id": 11,
    "individual_id": null,
    "consumption_record_id": null,
    "file_url": "/uploads/proofs/investment-proof-1753178492931.pdf",
    "amount": "5200000.00",
    "sdg_id": 16,
    "status": "approved",
    "created_at": "2025-07-22 10:01:32.986589",
    "updated_at": "2025-07-22 10:01:32.986589"
  },
  {
    "id": 32,
    "company_id": 1,
    "individual_id": null,
    "consumption_record_id": null,
    "file_url": "/uploads/proofs/investment-proof-1753178493155.pdf",
    "amount": "2800000.00",
    "sdg_id": 16,
    "status": "approved",
    "created_at": "2025-07-22 10:01:33.21026",
    "updated_at": "2025-07-22 10:01:33.21026"
  },
  {
    "id": 33,
    "company_id": 1,
    "individual_id": null,
    "consumption_record_id": null,
    "file_url": "/uploads/proofs/investment-proof-1753178493380.pdf",
    "amount": "3800000.00",
    "sdg_id": 17,
    "status": "approved",
    "created_at": "2025-07-22 10:01:33.435081",
    "updated_at": "2025-07-22 10:01:33.435081"
  },
  {
    "id": 34,
    "company_id": 2,
    "individual_id": null,
    "consumption_record_id": null,
    "file_url": "/uploads/proofs/investment-proof-1753178493604.pdf",
    "amount": "2500000.00",
    "sdg_id": 17,
    "status": "approved",
    "created_at": "2025-07-22 10:01:33.659697",
    "updated_at": "2025-07-22 10:01:33.659697"
  },
  {
    "id": 35,
    "company_id": 8,
    "individual_id": null,
    "consumption_record_id": null,
    "file_url": "/uploads/proofs/investment-proof-1753178493829.pdf",
    "amount": "1800000.00",
    "sdg_id": 17,
    "status": "approved",
    "created_at": "2025-07-22 10:01:33.884572",
    "updated_at": "2025-07-22 10:01:33.884572"
  }
]