[
  {
    "id": 1,
    "companyId": 1,
    "individualId": null,
    "description": null,
    "energyKwh": "1500.50",
    "fuelLiters": "250.00",
    "fuelType": "gasolina",
    "transportKm": "800.00",
    "transportType": "carro",
    "waterM3": "50.00",
    "wasteKg": "120.00",
    "emissionKgCo2": "2850.50",
    "compensationValueKz": "570100.00",
    "period": "monthly",
    "month": "janeiro",
    "day": null,
    "year": 2025,
    "createdAt": "2025-07-14T17:25:39.455Z"
  },
  {
    "id": 2,
    "companyId": 1,
    "individualId": null,
    "description": null,
    "energyKwh": "1200.00",
    "fuelLiters": "180.00",
    "fuelType": "gasolina",
    "transportKm": "600.00",
    "transportType": "carro",
    "waterM3": "40.00",
    "wasteKg": "100.00",
    "emissionKgCo2": "2100.00",
    "compensationValueKz": "420000.00",
    "period": "monthly",
    "month": "dezembro",
    "day": null,
    "year": 2024,
    "createdAt": "2025-06-14T17:25:39.455Z"
  },
  {
    "id": 3,
    "companyId": 2,
    "individualId": null,
    "description": null,
    "energyKwh": "2000.00",
    "fuelLiters": "300.00",
    "fuelType": "diesel",
    "transportKm": "1000.00",
    "transportType": "caminhao",
    "waterM3": "80.00",
    "wasteKg": "200.00",
    "emissionKgCo2": "4200.00",
    "compensationValueKz": "840000.00",
    "period": "monthly",
    "month": "janeiro",
    "day": null,
    "year": 2025,
    "createdAt": "2025-07-14T17:25:39.455Z"
  },
  {
    "id": 4,
    "companyId": 3,
    "individualId": null,
    "description": null,
    "energyKwh": "800.00",
    "fuelLiters": "120.00",
    "fuelType": "gasolina",
    "transportKm": "400.00",
    "transportType": "carro",
    "waterM3": "30.00",
    "wasteKg": "80.00",
    "emissionKgCo2": "1450.00",
    "compensationValueKz": "290000.00",
    "period": "monthly",
    "month": "janeiro",
    "day": null,
    "year": 2025,
    "createdAt": "2025-07-14T17:25:39.455Z"
  },
  {
    "id": 5,
    "companyId": null,
    "individualId": 1,
    "description": null,
    "energyKwh": "123.00",
    "fuelLiters": "555.00",
    "fuelType": null,
    "transportKm": "55.00",
    "transportType": null,
    "waterM3": "334.00",
    "wasteKg": "55.00",
    "emissionKgCo2": "1519.41",
    "compensationValueKz": "151940.70",
    "period": "yearly",
    "month": "09",
    "day": null,
    "year": 2025,
    "createdAt": "2025-07-18T01:15:12.429Z"
  }
]