[
  {
    "id": 1,
    "companyId": 1,
    "individualId": null,
    "consumptionRecordId": null,
    "fileUrl": "/uploads/proofs/investment-proof-1752512786487.pdf",
    "amount": "2500000.00",
    "sdgId": 1,
    "status": "approved",
    "createdAt": "2025-07-14T17:06:26.542Z",
    "updatedAt": "2025-07-14T17:06:26.542Z"
  },
  {
    "id": 2,
    "companyId": 11,
    "individualId": null,
    "consumptionRecordId": null,
    "fileUrl": "/uploads/proofs/investment-proof-1752512786717.pdf",
    "amount": "1800000.00",
    "sdgId": 1,
    "status": "approved",
    "createdAt": "2025-07-14T17:06:26.772Z",
    "updatedAt": "2025-07-14T17:06:26.772Z"
  },
  {
    "id": 3,
    "companyId": 7,
    "individualId": null,
    "consumptionRecordId": null,
    "fileUrl": "/uploads/proofs/investment-proof-1752512786944.pdf",
    "amount": "3200000.00",
    "sdgId": 2,
    "status": "approved",
    "createdAt": "2025-07-14T17:06:26.999Z",
    "updatedAt": "2025-07-14T17:06:26.999Z"
  },
  {
    "id": 4,
    "companyId": 3,
    "individualId": null,
    "consumptionRecordId": null,
    "fileUrl": "/uploads/proofs/investment-proof-1752512787170.pdf",
    "amount": "1500000.00",
    "sdgId": 2,
    "status": "approved",
    "createdAt": "2025-07-14T17:06:27.226Z",
    "updatedAt": "2025-07-14T17:06:27.226Z"
  },
  {
    "id": 5,
    "companyId": 9,
    "individualId": null,
    "consumptionRecordId": null,
    "fileUrl": "/uploads/proofs/investment-proof-1752512787397.pdf",
    "amount": "2800000.00",
    "sdgId": 3,
    "status": "approved",
    "createdAt": "2025-07-14T17:06:27.453Z",
    "updatedAt": "2025-07-14T17:06:27.453Z"
  },
  {
    "id": 6,
    "companyId": 6,
    "individualId": null,
    "consumptionRecordId": null,
    "fileUrl": "/uploads/proofs/investment-proof-1752512787625.pdf",
    "amount": "1200000.00",
    "sdgId": 3,
    "status": "approved",
    "createdAt": "2025-07-14T17:06:27.680Z",
    "updatedAt": "2025-07-14T17:06:27.680Z"
  },
  {
    "id": 7,
    "companyId": 2,
    "individualId": null,
    "consumptionRecordId": null,
    "fileUrl": "/uploads/proofs/investment-proof-1752512787851.pdf",
    "amount": "4500000.00",
    "sdgId": 4,
    "status": "approved",
    "createdAt": "2025-07-14T17:06:27.907Z",
    "updatedAt": "2025-07-14T17:06:27.907Z"
  },
  {
    "id": 8,
    "companyId": 4,
    "individualId": null,
    "consumptionRecordId": null,
    "fileUrl": "/uploads/proofs/investment-proof-1752512788078.pdf",
    "amount": "2200000.00",
    "sdgId": 4,
    "status": "approved",
    "createdAt": "2025-07-14T17:06:28.133Z",
    "updatedAt": "2025-07-14T17:06:28.133Z"
  },
  {
    "id": 9,
    "companyId": 1,
    "individualId": null,
    "consumptionRecordId": null,
    "fileUrl": "/uploads/proofs/investment-proof-1752512788304.pdf",
    "amount": "1800000.00",
    "sdgId": 5,
    "status": "approved",
    "createdAt": "2025-07-14T17:06:28.366Z",
    "updatedAt": "2025-07-14T17:06:28.366Z"
  },
  {
    "id": 10,
    "companyId": 3,
    "individualId": null,
    "consumptionRecordId": null,
    "fileUrl": "/uploads/proofs/investment-proof-1752512788538.pdf",
    "amount": "950000.00",
    "sdgId": 5,
    "status": "approved",
    "createdAt": "2025-07-14T17:06:28.594Z",
    "updatedAt": "2025-07-14T17:06:28.594Z"
  },
  {
    "id": 11,
    "companyId": 11,
    "individualId": null,
    "consumptionRecordId": null,
    "fileUrl": "/uploads/proofs/investment-proof-1752512788767.pdf",
    "amount": "3800000.00",
    "sdgId": 6,
    "status": "approved",
    "createdAt": "2025-07-14T17:06:28.822Z",
    "updatedAt": "2025-07-14T17:06:28.822Z"
  },
  {
    "id": 12,
    "companyId": 1,
    "individualId": null,
    "consumptionRecordId": null,
    "fileUrl": "/uploads/proofs/investment-proof-1752512788995.pdf",
    "amount": "2520000.00",
    "sdgId": 6,
    "status": "approved",
    "createdAt": "2025-07-14T17:06:29.051Z",
    "updatedAt": "2025-07-14T17:06:29.051Z"
  },
  {
    "id": 13,
    "companyId": 2,
    "individualId": null,
    "consumptionRecordId": null,
    "fileUrl": "/uploads/proofs/investment-proof-1752512789222.pdf",
    "amount": "5200000.00",
    "sdgId": 7,
    "status": "approved",
    "createdAt": "2025-07-14T17:06:29.277Z",
    "updatedAt": "2025-07-14T17:06:29.277Z"
  },
  {
    "id": 14,
    "companyId": 5,
    "individualId": null,
    "consumptionRecordId": null,
    "fileUrl": "/uploads/proofs/investment-proof-1752512789448.pdf",
    "amount": "3550000.00",
    "sdgId": 7,
    "status": "approved",
    "createdAt": "2025-07-14T17:06:29.504Z",
    "updatedAt": "2025-07-14T17:06:29.504Z"
  },
  {
    "id": 15,
    "companyId": 4,
    "individualId": null,
    "consumptionRecordId": null,
    "fileUrl": "/uploads/proofs/investment-proof-1752512789675.pdf",
    "amount": "4200000.00",
    "sdgId": 8,
    "status": "approved",
    "createdAt": "2025-07-14T17:06:29.730Z",
    "updatedAt": "2025-07-14T17:06:29.730Z"
  },
  {
    "id": 16,
    "companyId": 6,
    "individualId": null,
    "consumptionRecordId": null,
    "fileUrl": "/uploads/proofs/investment-proof-1752512789901.pdf",
    "amount": "2800000.00",
    "sdgId": 8,
    "status": "approved",
    "createdAt": "2025-07-14T17:06:29.956Z",
    "updatedAt": "2025-07-14T17:06:29.956Z"
  },
  {
    "id": 17,
    "companyId": null,
    "individualId": 1,
    "consumptionRecordId": 5,
    "fileUrl": "/uploads/proofs/paymentProof-1752801427797-755488418.png",
    "amount": "151941.00",
    "sdgId": 6,
    "status": "approved",
    "createdAt": "2025-07-18T01:17:12.612Z",
    "updatedAt": "2025-07-18T01:45:55.953Z"
  }
]