[
  {
    "id": 5,
    "name": "angolahuambo",
    "sdgId": 6,
    "description": "fdsfsdfggdfgdfgdfgangola",
    "imageUrl": "/uploads/projects/image-1752779057589-776463189.webp",
    "totalInvested": "163460.00",
    "peopleCount": 434340000,
    "createdAt": "2025-07-17T18:57:48.210Z",
    "updatedAt": "2025-07-18T02:08:17.077Z",
    "sdg": {
      "id": 6,
      "number": 6,
      "name": "Água Potável e Saneamento",
      "description": "Garantir disponibilidade e manejo sustentável da água e saneamento para todos.",
      "color": "#26BDE2",
      "createdAt": "2025-07-14T17:06:22.570Z"
    },
    "updates": [],
    "investments": [
      {
        "id": 17,
        "companyId": null,
        "individualId": null,
        "projectId": 5,
        "paymentProofId": 17,
        "amount": 151941,
        "createdAt": "2025-07-18T01:45:56.202Z"
      },
      {
        "id": 18,
        "companyId": null,
        "individualId": 1,
        "projectId": 5,
        "paymentProofId": 17,
        "amount": 151941,
        "createdAt": "2025-07-18T01:45:55.953Z"
      }
    ]
  }
]