{
  "createdAt": "2025-07-20T21:15:14.855Z",
  "timestamp": "2025-07-20T21:15:14.855Z",
  "description": "Backup ESSENCIAL do Fundo Verde - Dados críticos apenas",
  "type": "essential",
  "includes": [
    "Projetos com imagens e investimentos",
    "Empresas com logos e históricos financeiros",
    "Pessoas com fotos e históricos de cálculo",
    "Comprovativos de pagamento",
    "Histórico completo de investimentos",
    "Senhas dos utilizadores (hash)",
    "Links de todas as imagens"
  ],
  "fileCount": 0,
  "totalSize": 0
}