[
  {
    "id": 12,
    "user_id": 14,
    "name": "Banco Atlântico",
    "sector": "Serviços Financeiros",
    "logo_url": "https://th.bing.com/th/id/R.11f8ee08b6108b83bd01836ecf49362a?rik=6SMsrma5LPt0tw&pid=ImgRaw&r=0",
    "phone": "+244 222 123 456",
    "location": "Luanda, Angola",
    "employee_count": 150,
    "created_at": "2025-07-23 09:14:39.027056",
    "updated_at": "2025-07-23 09:14:39.027056"
  },
  {
    "id": 13,
    "user_id": 15,
    "name": "ISPTEC",
    "sector": "Educação",
    "logo_url": "https://th.bing.com/th/id/R.48988eec3b25b88f4b8152da91148b7e?rik=WGXSKm9N7HPqBg&riu=http%3a%2f%2fangovagas.net%2fwp-content%2fuploads%2f2021%2f12%2fISPTEC-768x525-1.png&ehk=bb%2fntg5m8lOAat7RQZq7JIcmxjkHBC1%2b%2b9mhVS%2bbxtk%3d&risl=&pid=ImgRaw&r=0",
    "phone": "+244 222 334 455",
    "location": "Luanda, Angola",
    "employee_count": 250,
    "created_at": "2025-07-23 09:17:15.238642",
    "updated_at": "2025-07-23 09:17:15.238642"
  }
]