[
  {
    "id": 36,
    "company_id": 11,
    "individual_id": null,
    "consumption_record_id": 9,
    "file_url": "/uploads/payment-proofs/proof-inapem-jan2025.jpg",
    "amount": "468750.00",
    "sdg_id": 7,
    "status": "approved",
    "created_at": "2025-07-23 19:33:25.189058",
    "updated_at": "2025-07-23 19:33:25.189058"
  },
  {
    "id": 37,
    "company_id": 11,
    "individual_id": null,
    "consumption_record_id": 10,
    "file_url": "/uploads/payment-proofs/proof-inapem-dec2024.jpg",
    "amount": "405125.00",
    "sdg_id": 13,
    "status": "approved",
    "created_at": "2025-07-23 19:33:25.189058",
    "updated_at": "2025-07-23 19:33:25.189058"
  }
]