[
  {
    "id": 1,
    "user_id": 2,
    "name": "Banco de Fomento Angola (BFA)",
    "sector": "Serviços Financeiros",
    "logo_url": "https://yt3.ggpht.com/a-/AAuE7mBtMdXtNDGQIHWQ3MsAN0ojUSwk256VJeNcDg=s900-mo-c-c0xffffffff-rj-k-no",
    "phone": null,
    "location": null,
    "employee_count": null,
    "created_at": "2025-07-23 08:34:25.809037",
    "updated_at": "2025-07-23 08:34:25.809037"
  },
  {
    "id": 2,
    "user_id": 3,
    "name": "Angola Cables",
    "sector": "Telecomunicações",
    "logo_url": "https://tech.africa/wp-content/uploads/Angola-Cables.png",
    "phone": null,
    "location": null,
    "employee_count": null,
    "created_at": "2025-07-23 08:34:25.956433",
    "updated_at": "2025-07-23 08:34:25.956433"
  },
  {
    "id": 3,
    "user_id": 4,
    "name": "Kero Supermercados",
    "sector": "Varejo / Supermercados",
    "logo_url": "https://gastem.ao/wp-content/uploads/2020/08/logo-kero.jpg",
    "phone": null,
    "location": null,
    "employee_count": null,
    "created_at": "2025-07-23 08:34:26.101694",
    "updated_at": "2025-07-23 08:34:26.101694"
  },
  {
    "id": 4,
    "user_id": 5,
    "name": "TAAG Angola Airlines",
    "sector": "Aviação",
    "logo_url": "http://angovagas.net/wp-content/uploads/2022/04/FB_IMG_16494867467389946.jpg",
    "phone": null,
    "location": null,
    "employee_count": null,
    "created_at": "2025-07-23 08:34:26.246899",
    "updated_at": "2025-07-23 08:34:26.246899"
  },
  {
    "id": 5,
    "user_id": 6,
    "name": "Movicel",
    "sector": "Telecomunicações",
    "logo_url": "http://r-spectrum.com.au/sites/default/files/styles/large/public/2019-11/movicel-logo.png",
    "phone": null,
    "location": null,
    "employee_count": null,
    "created_at": "2025-07-23 08:34:26.392221",
    "updated_at": "2025-07-23 08:34:26.392221"
  },
  {
    "id": 6,
    "user_id": 7,
    "name": "Refriango",
    "sector": "Indústria de Bebidas",
    "logo_url": "http://angovagas.net/wp-content/uploads/2022/05/REFRIANGO.png",
    "phone": null,
    "location": null,
    "employee_count": null,
    "created_at": "2025-07-23 08:34:26.536992",
    "updated_at": "2025-07-23 08:34:26.536992"
  },
  {
    "id": 7,
    "user_id": 8,
    "name": "Fazenda Girassol",
    "sector": "Agricultura",
    "logo_url": "https://www.fazendagirassol.com/Themes/Healthy/Content/images/logo.png",
    "phone": null,
    "location": null,
    "employee_count": null,
    "created_at": "2025-07-23 08:34:26.684671",
    "updated_at": "2025-07-23 08:34:26.684671"
  },
  {
    "id": 8,
    "user_id": 9,
    "name": "ZAP",
    "sector": "Telecomunicações",
    "logo_url": "https://th.bing.com/th/id/R.4cdc31c0f37eb408049f8b445bea0bd1",
    "phone": null,
    "location": null,
    "employee_count": null,
    "created_at": "2025-07-23 08:34:26.833212",
    "updated_at": "2025-07-23 08:34:26.833212"
  },
  {
    "id": 9,
    "user_id": 10,
    "name": "Coca-Cola Angola",
    "sector": "Bebidas",
    "logo_url": "https://th.bing.com/th/id/OIP.z7mzSJmhxfClqm5Zt9aLQAHaFC",
    "phone": null,
    "location": null,
    "employee_count": null,
    "created_at": "2025-07-23 08:34:26.97867",
    "updated_at": "2025-07-23 08:34:26.97867"
  },
  {
    "id": 10,
    "user_id": 11,
    "name": "Africell Angola",
    "sector": "Telecomunicações",
    "logo_url": "https://www.menosfios.com/wp-content/uploads/2022/04/273150568_464996925118183_7635331094090428991_n.jpg",
    "phone": null,
    "location": null,
    "employee_count": null,
    "created_at": "2025-07-23 08:34:27.123835",
    "updated_at": "2025-07-23 08:34:27.123835"
  },
  {
    "id": 11,
    "user_id": 12,
    "name": "INAPEN",
    "sector": "Administração Pública",
    "logo_url": "https://th.bing.com/th/id/OIP.WiC-L0GmyyR46CE0ieYN6QHaHa",
    "phone": null,
    "location": null,
    "employee_count": null,
    "created_at": "2025-07-23 08:34:27.26944",
    "updated_at": "2025-07-23 08:34:27.26944"
  }
]